Series Name,Series Code,Country Name,Country Code,2020 [YR2020],2021 [YR2021],2022 [YR2022],2023 [YR2023]
GDP growth (annual %),NY.GDP.MKTP.KD.ZG,Afghanistan,AFG,-2.35110067203466,-20.7388393676343,-6.24017199240269,2.71088679128353
GDP growth (annual %),NY.GDP.MKTP.KD.ZG,Albania,ALB,-3.31371614712083,8.96955339178935,4.82668831434437,3.93662525742167
GDP growth (annual %),NY.GDP.MKTP.KD.ZG,Algeria,DZA,-4.99999999999997,3.79999999999995,3.59999999999998,4.10000000000004
GDP growth (annual %),NY.GDP.MKTP.KD.ZG,American Samoa,ASM,4.41176470588236,-0.782472613458523,1.73501577287065,..
GDP growth (annual %),NY.GDP.MKTP.KD.ZG,Andorra,AND,-11.1839399355384,8.28677879049404,9.56461225648184,2.58355480961319
GDP growth (annual %),NY.GDP.MKTP.KD.ZG,Angola,AGO,-5.63821471714934,1.19921052145153,3.04472652391918,1.00128936028298
GDP growth (annual %),NY.GDP.MKTP.KD.ZG,Antigua and Barbuda,ATG,-18.8803992026325,8.1917184618173,9.51639564359461,3.86201218730389
GDP growth (annual %),NY.GDP.MKTP.KD.ZG,Argentina,ARG,-9.9004848136464,10.4418119882506,5.26987967384072,-1.61100162090189
GDP growth (annual %),NY.GDP.MKTP.KD.ZG,Armenia,ARM,-7.19999999920631,5.80000000065645,12.5999999997766,8.29999999959539
GDP growth (annual %),NY.GDP.MKTP.KD.ZG,Aruba,ABW,-26.2118207828803,24.1326273569798,8.51791810517545,4.26371941452948
GDP growth (annual %),NY.GDP.MKTP.KD.ZG,Australia,AUS,-0.119590735829973,2.11116814768786,4.24238555336139,3.44199220009025
GDP growth (annual %),NY.GDP.MKTP.KD.ZG,Austria,AUT,-6.31825528670208,4.79532910551458,5.27789421203715,-0.954962366849259
GDP growth (annual %),NY.GDP.MKTP.KD.ZG,Azerbaijan,AZE,-4.30000010230737,5.61645102853028,4.71480236521231,1.12397432709641
GDP growth (annual %),NY.GDP.MKTP.KD.ZG,"Bahamas, The",BHS,-21.4234630658488,15.4031489427848,10.7820132001503,2.63905598075102
GDP growth (annual %),NY.GDP.MKTP.KD.ZG,Bahrain,BHR,-5.9113629524152,4.35004091668986,5.98130282177125,2.9807927665851
GDP growth (annual %),NY.GDP.MKTP.KD.ZG,Bangladesh,BGD,3.44801755122445,6.93867912442445,7.09982877575158,5.77511237007889
GDP growth (annual %),NY.GDP.MKTP.KD.ZG,Barbados,BRB,-15.0543629495892,-0.254965880216531,17.8328630251327,4.09382010970572
GDP growth (annual %),NY.GDP.MKTP.KD.ZG,Belarus,BLR,-0.672742950624155,2.43886212396819,-4.65839591573591,3.88624214456901
GDP growth (annual %),NY.GDP.MKTP.KD.ZG,Belgium,BEL,-4.79298389726264,6.20255401586081,4.2334318336917,1.25170063203595
GDP growth (annual %),NY.GDP.MKTP.KD.ZG,Belize,BLZ,-13.9029100645218,17.7461701205679,9.65297772389758,1.14901682065862
GDP growth (annual %),NY.GDP.MKTP.KD.ZG,Benin,BEN,3.84879240030133,7.1554516457574,6.25324491401346,6.35282160914288
GDP growth (annual %),NY.GDP.MKTP.KD.ZG,Bermuda,BMU,-6.84286964270544,5.41909484048358,6.43113399633694,-0.0948235929642749
GDP growth (annual %),NY.GDP.MKTP.KD.ZG,Bhutan,BTN,-10.2183974073689,4.42136740220592,5.21386781145085,..
GDP growth (annual %),NY.GDP.MKTP.KD.ZG,Bolivia,BOL,-8.73788443399127,6.11137275205746,3.60568038279472,3.08196524087036
GDP growth (annual %),NY.GDP.MKTP.KD.ZG,Bosnia and Herzegovina,BIH,-3.01509514759861,7.38996234012757,4.22681101095546,2.21112447211205
GDP growth (annual %),NY.GDP.MKTP.KD.ZG,Botswana,BWA,-8.72875252639037,11.9206365085117,5.48602817797183,2.73379817032757
GDP growth (annual %),NY.GDP.MKTP.KD.ZG,Brazil,BRA,-3.2767587964736,4.76260437908608,3.01669435393015,2.90848048667777
GDP growth (annual %),NY.GDP.MKTP.KD.ZG,British Virgin Islands,VGB,..,..,..,..
GDP growth (annual %),NY.GDP.MKTP.KD.ZG,Brunei Darussalam,BRN,1.13357340605403,-1.59076248075436,-1.62833154022366,1.40706832327938
GDP growth (annual %),NY.GDP.MKTP.KD.ZG,Bulgaria,BGR,-3.21573743445016,7.78061481406978,4.03877758301681,1.88681483907177
GDP growth (annual %),NY.GDP.MKTP.KD.ZG,Burkina Faso,BFA,2.01077262406221,6.94252492572348,1.4972397409897,2.96018147384929
GDP growth (annual %),NY.GDP.MKTP.KD.ZG,Burundi,BDI,0.327156892638385,3.09999999870627,1.84899943948213,2.70000059705133
GDP growth (annual %),NY.GDP.MKTP.KD.ZG,Cabo Verde,CPV,-20.8052758990735,7.03353010694514,15.843675684642,5.47543591649173
GDP growth (annual %),NY.GDP.MKTP.KD.ZG,Cambodia,KHM,-3.55572193406549,3.08984284148661,5.10336888677125,4.96006658918908
GDP growth (annual %),NY.GDP.MKTP.KD.ZG,Cameroon,CMR,0.259932915907115,3.33885747179505,3.7367840056412,3.24834497823876
GDP growth (annual %),NY.GDP.MKTP.KD.ZG,Canada,CAN,-5.03823344128351,5.28695689105889,3.81986633913397,1.24892730403391
GDP growth (annual %),NY.GDP.MKTP.KD.ZG,Cayman Islands,CYM,-4.95480640759244,4.90492941270442,5.15632954248333,4.35967595700366
GDP growth (annual %),NY.GDP.MKTP.KD.ZG,Central African Republic,CAF,0.899999996857062,0.982919996264229,0.502110003427035,0.870251450842758
GDP growth (annual %),NY.GDP.MKTP.KD.ZG,Chad,TCD,-1.60000673705524,-1.16918700397552,2.80434074839411,4.12231962001739
GDP growth (annual %),NY.GDP.MKTP.KD.ZG,Channel Islands,CHI,-8.89677952309607,9.93680136363695,5.34196183115412,3.71500566060664
GDP growth (annual %),NY.GDP.MKTP.KD.ZG,Chile,CHL,-6.14347479224092,11.3339570691911,2.05874008095333,0.218780666901552
GDP growth (annual %),NY.GDP.MKTP.KD.ZG,China,CHN,2.23863835634639,8.44846941687277,2.95066992959268,5.24955786387791
GDP growth (annual %),NY.GDP.MKTP.KD.ZG,Colombia,COL,-7.18591413760859,10.8011981904878,7.2888838865514,0.610409565791542
GDP growth (annual %),NY.GDP.MKTP.KD.ZG,Comoros,COM,-0.195556827149787,2.00016198933761,2.60301031927843,2.99567457175966
GDP growth (annual %),NY.GDP.MKTP.KD.ZG,"Congo, Dem. Rep.",COD,1.73542276681493,6.20015401075946,8.92444762563109,8.56086250904089
GDP growth (annual %),NY.GDP.MKTP.KD.ZG,"Congo, Rep.",COG,-6.26777227963225,1.01507036990908,1.47535613247133,1.90686426346754
GDP growth (annual %),NY.GDP.MKTP.KD.ZG,Costa Rica,CRI,-4.27335432161462,7.93576224743147,4.55149177958398,5.11192183224598
GDP growth (annual %),NY.GDP.MKTP.KD.ZG,Cote d'Ivoire,CIV,0.699728593494228,7.06332910205232,6.2178509127107,6.199999999987
GDP growth (annual %),NY.GDP.MKTP.KD.ZG,Croatia,HRV,-8.31164257884687,12.6317003277712,7.28793643206565,3.30254488086325
GDP growth (annual %),NY.GDP.MKTP.KD.ZG,Cuba,CUB,-10.9490846048862,1.25369342501311,1.77485399483382,-1.92899211214875
GDP growth (annual %),NY.GDP.MKTP.KD.ZG,Curacao,CUW,-18.4384703505393,4.18371193053579,6.90599999999999,4.20199999999977
GDP growth (annual %),NY.GDP.MKTP.KD.ZG,Cyprus,CYP,-3.22063433575047,11.3877633552,7.36562252428676,2.61190090914745
GDP growth (annual %),NY.GDP.MKTP.KD.ZG,Czechia,CZE,-5.30487954551279,4.02901830633854,2.84717065717149,-0.085330275927376
GDP growth (annual %),NY.GDP.MKTP.KD.ZG,Denmark,DNK,-1.7801059882175,7.38206628977555,1.54017310709567,2.49518433148894
GDP growth (annual %),NY.GDP.MKTP.KD.ZG,Djibouti,DJI,1.31636324158441,4.52234774643705,3.72857647005031,6.67664964361434
GDP growth (annual %),NY.GDP.MKTP.KD.ZG,Dominica,DMA,-16.6041095231221,6.8905494167316,5.58354626264079,4.71223818531963
GDP growth (annual %),NY.GDP.MKTP.KD.ZG,Dominican Republic,DOM,-6.72023937283404,12.2719902347896,4.85832403582451,2.36061568723294
GDP growth (annual %),NY.GDP.MKTP.KD.ZG,Ecuador,ECU,-9.24509637743429,9.818417748417,6.18613907258741,2.35521790742197
GDP growth (annual %),NY.GDP.MKTP.KD.ZG,"Egypt, Arab Rep.",EGY,3.55016483786838,3.29064601202211,6.58784560886967,3.75870055176806
GDP growth (annual %),NY.GDP.MKTP.KD.ZG,El Salvador,SLV,-7.893101359867,11.9047617015957,2.79955216943868,3.51097706608982
GDP growth (annual %),NY.GDP.MKTP.KD.ZG,Equatorial Guinea,GNQ,-4.79108083383294,0.860269956382069,3.22350831658598,-5.08930872071532
GDP growth (annual %),NY.GDP.MKTP.KD.ZG,Eritrea,ERI,..,..,..,..
GDP growth (annual %),NY.GDP.MKTP.KD.ZG,Estonia,EST,-2.88381004140328,7.15444748334397,0.0604278323325786,-3.02303584066192
GDP growth (annual %),NY.GDP.MKTP.KD.ZG,Ethiopia,ETH,6.05953088643369,5.64153071734657,5.32117628383672,6.49813464238613
GDP growth (annual %),NY.GDP.MKTP.KD.ZG,Faroe Islands,FRO,-1.63732118017028,5.50438017256558,3.55602380418398,2.4890581166362
GDP growth (annual %),NY.GDP.MKTP.KD.ZG,Fiji,FJI,-17.0386675274098,-4.88103605578388,19.7927266933385,7.52429088237292
GDP growth (annual %),NY.GDP.MKTP.KD.ZG,Finland,FIN,-2.49103620977239,2.73471348589543,1.4500480727209,-1.16396281522198
GDP growth (annual %),NY.GDP.MKTP.KD.ZG,France,FRA,-7.44064593044142,6.88233786590355,2.57084047443969,0.936487502671483
GDP growth (annual %),NY.GDP.MKTP.KD.ZG,French Polynesia,PYF,-7.05099065433484,2.09478896837454,4.46607459000271,..
GDP growth (annual %),NY.GDP.MKTP.KD.ZG,Gabon,GAB,-1.8377610635094,1.46795731508091,3.03761449502689,2.44588083119469
GDP growth (annual %),NY.GDP.MKTP.KD.ZG,"Gambia, The",GMB,0.591487287873974,5.25596878816744,5.49299823010114,4.79750895186164
GDP growth (annual %),NY.GDP.MKTP.KD.ZG,Georgia,GEO,-6.2904717853839,10.6442336580969,10.9585321385624,7.8322012152783
GDP growth (annual %),NY.GDP.MKTP.KD.ZG,Germany,DEU,-4.09513749064689,3.66999986156735,1.36973105536585,-0.266438410090913
GDP growth (annual %),NY.GDP.MKTP.KD.ZG,Ghana,GHA,0.513941670628171,5.07646643533542,3.81750462109567,2.94478583082221
GDP growth (annual %),NY.GDP.MKTP.KD.ZG,Gibraltar,GIB,..,..,..,..
GDP growth (annual %),NY.GDP.MKTP.KD.ZG,Greece,GRC,-9.19623147082588,8.65449785311438,5.74364918958959,2.3321238825698
GDP growth (annual %),NY.GDP.MKTP.KD.ZG,Greenland,GRL,0.187608793759281,1.29021048770599,..,..
GDP growth (annual %),NY.GDP.MKTP.KD.ZG,Grenada,GRD,-13.7566222572107,4.68747816934534,7.32074061551874,3.56612861773655
GDP growth (annual %),NY.GDP.MKTP.KD.ZG,Guam,GUM,-10.5188595714539,2.0581832574708,5.09986426216793,..
GDP growth (annual %),NY.GDP.MKTP.KD.ZG,Guatemala,GTM,-1.78555194467604,8.03326771516488,4.20015588892568,3.52679214166824
GDP growth (annual %),NY.GDP.MKTP.KD.ZG,Guinea,GIN,4.70459096113575,5.5823328114905,3.97240784200721,6.74493444630886
GDP growth (annual %),NY.GDP.MKTP.KD.ZG,Guinea-Bissau,GNB,1.49527443726818,6.18267668294831,4.60583180729681,5.19926829741253
GDP growth (annual %),NY.GDP.MKTP.KD.ZG,Guyana,GUY,43.479651716849,20.0600280629427,63.3345871591983,33.8026170921817
GDP growth (annual %),NY.GDP.MKTP.KD.ZG,Haiti,HTI,-3.30550546965893,-1.79823988931486,-1.68198396897978,-1.86388420254838
GDP growth (annual %),NY.GDP.MKTP.KD.ZG,Honduras,HND,-8.96508223267296,12.5652843771279,4.14356194013767,3.58260362632656
GDP growth (annual %),NY.GDP.MKTP.KD.ZG,"Hong Kong SAR, China",HKG,-6.54476757335387,6.45440824066419,-3.68357113148396,3.27652625631858
GDP growth (annual %),NY.GDP.MKTP.KD.ZG,Hungary,HUN,-4.48704604765308,7.06122060972912,4.58340767295068,-0.907685956140242
GDP growth (annual %),NY.GDP.MKTP.KD.ZG,Iceland,ISL,-6.94045309489034,5.25420975317854,8.9925076126915,5.03717943960838
GDP growth (annual %),NY.GDP.MKTP.KD.ZG,India,IND,-5.77772470686801,9.68959249192875,6.9870393257555,8.1529363109041
GDP growth (annual %),NY.GDP.MKTP.KD.ZG,Indonesia,IDN,-2.06551182934165,3.70288562827751,5.30741934775764,5.04810577067288
GDP growth (annual %),NY.GDP.MKTP.KD.ZG,"Iran, Islamic Rep.",IRN,3.33028845926594,4.71977773157164,3.77663140152906,5.04489051061807
GDP growth (annual %),NY.GDP.MKTP.KD.ZG,Iraq,IRQ,-12.0367930931001,1.5021807095434,7.63981140218355,-2.93555773971221
GDP growth (annual %),NY.GDP.MKTP.KD.ZG,Ireland,IRL,7.15789883057209,16.2556132446002,8.61950355191492,-5.53000736095537
GDP growth (annual %),NY.GDP.MKTP.KD.ZG,Isle of Man,IMN,-8.8368174000649,3.83783666558899,..,..
GDP growth (annual %),NY.GDP.MKTP.KD.ZG,Israel,ISR,-1.46460564253812,9.34390774596847,6.47037150232485,2.42300691049012
GDP growth (annual %),NY.GDP.MKTP.KD.ZG,Italy,ITA,-8.86822121046387,8.9310620660078,4.66176265113695,0.69763299419678
GDP growth (annual %),NY.GDP.MKTP.KD.ZG,Jamaica,JAM,-9.92032244889079,4.6014245042592,5.22151984737387,2.20006147154612
GDP growth (annual %),NY.GDP.MKTP.KD.ZG,Japan,JPN,-4.14711889947692,2.55932023865617,0.954736937781391,1.67901952310368
GDP growth (annual %),NY.GDP.MKTP.KD.ZG,Jordan,JOR,-1.10275188309046,3.65564191030398,2.64743616429071,2.67827153754409
GDP growth (annual %),NY.GDP.MKTP.KD.ZG,Kazakhstan,KAZ,-2.49999999628,4.29999999729456,3.19999999970734,5.09999999973641
GDP growth (annual %),NY.GDP.MKTP.KD.ZG,Kenya,KEN,-0.272766327438816,7.59048947333467,4.85998104287999,5.55587301319866
GDP growth (annual %),NY.GDP.MKTP.KD.ZG,Kiribati,KIR,-0.562016449352072,8.52266121721455,3.90535280738948,4.12459054312031
GDP growth (annual %),NY.GDP.MKTP.KD.ZG,"Korea, Dem. People's Rep.",PRK,..,..,..,..
GDP growth (annual %),NY.GDP.MKTP.KD.ZG,"Korea, Rep.",KOR,-0.709415359397681,4.30473481906969,2.61267219187226,1.35673324311098
GDP growth (annual %),NY.GDP.MKTP.KD.ZG,Kosovo,XKX,-5.34027547826166,10.7456560819583,4.27849895827543,4.06762701436438
GDP growth (annual %),NY.GDP.MKTP.KD.ZG,Kuwait,KWT,-4.81742860622226,2.26080609815888,5.85920887270251,-3.64042590261035
GDP growth (annual %),NY.GDP.MKTP.KD.ZG,Kyrgyz Republic,KGZ,-7.14897757727955,5.50700762671923,8.96750520041391,6.15139183716032
GDP growth (annual %),NY.GDP.MKTP.KD.ZG,Lao PDR,LAO,0.503031829018681,2.52835100486102,2.70742652643155,3.74568140158232
GDP growth (annual %),NY.GDP.MKTP.KD.ZG,Latvia,LVA,-3.46922915339618,6.94723316214511,1.8126824022841,1.70679524969924
GDP growth (annual %),NY.GDP.MKTP.KD.ZG,Lebanon,LBN,-21.3998996914321,-7.00123862514116,-0.621678970663112,..
GDP growth (annual %),NY.GDP.MKTP.KD.ZG,Lesotho,LSO,-8.15595879914267,2.26671067006538,2.38778020186284,1.82662525852363
GDP growth (annual %),NY.GDP.MKTP.KD.ZG,Liberia,LBR,-2.98249127649473,4.98671283481617,4.80810517290655,4.68375688761311
GDP growth (annual %),NY.GDP.MKTP.KD.ZG,Libya,LBY,-29.4552967282824,28.3334624622298,-8.25163004105288,10.1558181770326
GDP growth (annual %),NY.GDP.MKTP.KD.ZG,Liechtenstein,LIE,..,..,..,..
GDP growth (annual %),NY.GDP.MKTP.KD.ZG,Lithuania,LTU,0.0428140173486753,6.38001676204321,2.53752500887173,0.34226255222913
GDP growth (annual %),NY.GDP.MKTP.KD.ZG,Luxembourg,LUX,-0.909829798886719,7.16840198697749,1.38018589083207,-1.09572361576994
GDP growth (annual %),NY.GDP.MKTP.KD.ZG,"Macao SAR, China",MAC,-54.3361546022371,23.535988887849,-19.6093363742205,75.0613769262435
GDP growth (annual %),NY.GDP.MKTP.KD.ZG,North Macedonia,MKD,-4.68845000956652,4.51067949038222,2.75888415332967,2.07274977880975
GDP growth (annual %),NY.GDP.MKTP.KD.ZG,Madagascar,MDG,-7.13767162064489,5.73961573854336,3.99999999869678,3.80000000009488
GDP growth (annual %),NY.GDP.MKTP.KD.ZG,Malawi,MWI,0.793596429787286,4.55829212016083,0.921115069005936,1.89245798756383
GDP growth (annual %),NY.GDP.MKTP.KD.ZG,Malaysia,MYS,-5.45684658426701,3.31534954399166,8.86182187578046,3.55548715410509
GDP growth (annual %),NY.GDP.MKTP.KD.ZG,Maldives,MDV,-32.9088287752921,37.507870124321,13.8260895184139,4.72639189000989
GDP growth (annual %),NY.GDP.MKTP.KD.ZG,Mali,MLI,-1.235450447077,3.05261356942125,3.47495171106735,4.65677599093294
GDP growth (annual %),NY.GDP.MKTP.KD.ZG,Malta,MLT,-3.47468750932252,13.4603051960595,4.14788281601133,7.49851245937869
GDP growth (annual %),NY.GDP.MKTP.KD.ZG,Marshall Islands,MHL,-2.77288732394366,1.22227252150293,-1.11806797853311,-3.93487109905021
GDP growth (annual %),NY.GDP.MKTP.KD.ZG,Mauritania,MRT,-0.360657384151068,0.742715395138262,6.79600510182286,6.50718719858594
GDP growth (annual %),NY.GDP.MKTP.KD.ZG,Mauritius,MUS,-14.5465381490166,3.40379866177662,8.87988519700977,6.95828740328457
GDP growth (annual %),NY.GDP.MKTP.KD.ZG,Mexico,MEX,-8.3540345574586,6.04848344290505,3.68911109348025,3.19998116598492
GDP growth (annual %),NY.GDP.MKTP.KD.ZG,"Micronesia, Fed. Sts.",FSM,-1.9607843137255,2.8,-0.778210116731515,0.784313725490193
GDP growth (annual %),NY.GDP.MKTP.KD.ZG,Moldova,MDA,-8.27597831976949,13.9299997889786,-5.01548231924089,0.78324270969388
GDP growth (annual %),NY.GDP.MKTP.KD.ZG,Monaco,MCO,-13.2391048292108,22.2322155851208,11.0469394271752,5.04338259195359
GDP growth (annual %),NY.GDP.MKTP.KD.ZG,Mongolia,MNG,-4.55775197583431,1.63676957736662,5.0327096366527,7.4221127615025
GDP growth (annual %),NY.GDP.MKTP.KD.ZG,Montenegro,MNE,-15.3068937570407,13.0434642521552,6.40668032879275,6.33769754243548
GDP growth (annual %),NY.GDP.MKTP.KD.ZG,Morocco,MAR,-7.17820744246774,8.15473889823681,1.52720357976111,3.40334130078834
GDP growth (annual %),NY.GDP.MKTP.KD.ZG,Mozambique,MOZ,-1.21952250011192,2.37743572761507,4.36445074535436,5.43685912188634
GDP growth (annual %),NY.GDP.MKTP.KD.ZG,Myanmar,MMR,-9.04834717984643,-12.0163724829117,4.03749343593624,0.958446625192025
GDP growth (annual %),NY.GDP.MKTP.KD.ZG,Namibia,NAM,-8.10140201443319,3.60382919248703,5.34966408559102,4.159985754998
GDP growth (annual %),NY.GDP.MKTP.KD.ZG,Nauru,NRU,1.98181949377276,7.20659466591439,3.02263627499464,0.590699675931191
GDP growth (annual %),NY.GDP.MKTP.KD.ZG,Nepal,NPL,-2.3696206292072,4.838149614115,5.63131455871746,1.95254463264347
GDP growth (annual %),NY.GDP.MKTP.KD.ZG,Netherlands,NLD,-3.86795339323423,6.27683073230526,5.00723459045037,0.0745607216494903
GDP growth (annual %),NY.GDP.MKTP.KD.ZG,New Caledonia,NCL,-2.40000000064407,-2.09999999762849,3.49999999631376,..
GDP growth (annual %),NY.GDP.MKTP.KD.ZG,New Zealand,NZL,-0.424906457573115,4.54624763852878,2.7748426484212,0.733302171674978
GDP growth (annual %),NY.GDP.MKTP.KD.ZG,Nicaragua,NIC,-1.75595289214087,10.3160912841791,3.75228475736668,4.56922317096145
GDP growth (annual %),NY.GDP.MKTP.KD.ZG,Niger,NER,3.55064109436891,1.38359636198477,11.9000000000277,2.49999999999999
GDP growth (annual %),NY.GDP.MKTP.KD.ZG,Nigeria,NGA,-1.79425308274458,3.64718654072446,3.25168140827093,2.86021499108364
GDP growth (annual %),NY.GDP.MKTP.KD.ZG,Northern Mariana Islands,MNP,-29.0598290598291,4.96987951807229,16.6427546628408,..
GDP growth (annual %),NY.GDP.MKTP.KD.ZG,Norway,NOR,-1.2781717845226,3.90868677689417,3.00563516076298,0.479647246011822
GDP growth (annual %),NY.GDP.MKTP.KD.ZG,Oman,OMN,-3.37972052697999,2.5821749892893,9.5771061309605,1.3104401130721
GDP growth (annual %),NY.GDP.MKTP.KD.ZG,Pakistan,PAK,-1.27408744338709,6.51388575852702,4.7781068690358,-0.0396925228069165
GDP growth (annual %),NY.GDP.MKTP.KD.ZG,Palau,PLW,-5.99942585620028,-13.7938879740177,-1.31844903330447,1.87706979817723
GDP growth (annual %),NY.GDP.MKTP.KD.ZG,Panama,PAN,-17.8212299695008,16.4671249191559,10.769665870619,7.39930155626219
GDP growth (annual %),NY.GDP.MKTP.KD.ZG,Papua New Guinea,PNG,-3.16743204087665,-0.511353444150672,5.70758411822096,3.03570475499642
GDP growth (annual %),NY.GDP.MKTP.KD.ZG,Paraguay,PRY,-0.819785390971916,4.01673731780312,0.176038366132886,4.71412407945468
GDP growth (annual %),NY.GDP.MKTP.KD.ZG,Peru,PER,-10.9333065010382,13.3552295093079,2.72550021563363,-0.55018230632048
GDP growth (annual %),NY.GDP.MKTP.KD.ZG,Philippines,PHL,-9.5182947406494,5.71473313426225,7.58098212785563,5.54585117087767
GDP growth (annual %),NY.GDP.MKTP.KD.ZG,Poland,POL,-2.03556882399977,6.92718266052501,5.25545697386036,0.138832754787188
GDP growth (annual %),NY.GDP.MKTP.KD.ZG,Portugal,PRT,-8.20463206255478,5.55875752305435,6.98584193827881,2.52628110806764
GDP growth (annual %),NY.GDP.MKTP.KD.ZG,Puerto Rico,PRI,-4.1808743093346,0.385222719529239,3.56811024720668,0.563519426800866
GDP growth (annual %),NY.GDP.MKTP.KD.ZG,Qatar,QAT,-3.55760399909477,1.62684672468288,4.18500971344966,1.18715991184813
GDP growth (annual %),NY.GDP.MKTP.KD.ZG,Romania,ROU,-3.67438440910189,5.5457096259051,3.96530766311717,2.40427177912809
GDP growth (annual %),NY.GDP.MKTP.KD.ZG,Russian Federation,RUS,-2.65365450102773,5.61429037578345,-2.06971152527731,3.60000000000001
GDP growth (annual %),NY.GDP.MKTP.KD.ZG,Rwanda,RWA,-3.37368746369782,10.8579677614975,8.15773308481241,8.24128769450616
GDP growth (annual %),NY.GDP.MKTP.KD.ZG,Samoa,WSM,-3.10844401053139,-7.07883094291508,-5.30629089966979,8.58409121817338
GDP growth (annual %),NY.GDP.MKTP.KD.ZG,San Marino,SMR,-6.64791081780605,13.8977895076234,7.89844145767604,..
GDP growth (annual %),NY.GDP.MKTP.KD.ZG,Sao Tome and Principe,STP,2.62485949543812,1.89929891337832,0.168698492216564,0.372252775001456
GDP growth (annual %),NY.GDP.MKTP.KD.ZG,Saudi Arabia,SAU,-3.58153486307663,5.07511034987979,7.48598429134137,-0.754914810584665
GDP growth (annual %),NY.GDP.MKTP.KD.ZG,Senegal,SEN,1.3420737726679,6.54400109964304,3.82586363675534,4.58406140454957
GDP growth (annual %),NY.GDP.MKTP.KD.ZG,Serbia,SRB,-0.950023991851594,7.94905650472278,2.63098644408841,3.84747112784942
GDP growth (annual %),NY.GDP.MKTP.KD.ZG,Seychelles,SYC,-11.7398608281732,0.552281631207279,14.9768513322959,3.16171435490999
GDP growth (annual %),NY.GDP.MKTP.KD.ZG,Sierra Leone,SLE,-1.2533490322766,5.8968527047094,5.3135546141915,5.7100218981806
GDP growth (annual %),NY.GDP.MKTP.KD.ZG,Singapore,SGP,-3.86979893430043,9.69076687082064,3.83807678519807,1.07503175095101
GDP growth (annual %),NY.GDP.MKTP.KD.ZG,Sint Maarten (Dutch part),SXM,-13.3167887221567,4.57759677933345,9.80000111145777,3.8
GDP growth (annual %),NY.GDP.MKTP.KD.ZG,Slovak Republic,SVK,-2.5855125291319,5.72698854011892,0.449673875081572,1.37833727209444
GDP growth (annual %),NY.GDP.MKTP.KD.ZG,Slovenia,SVN,-4.08499815297814,8.38965032094461,2.69923755687375,2.11259184318999
GDP growth (annual %),NY.GDP.MKTP.KD.ZG,Solomon Islands,SLB,-3.3811475409836,2.56434975416948,2.40248143622522,3.07976981501386
GDP growth (annual %),NY.GDP.MKTP.KD.ZG,Somalia,SOM,-2.75248103927831,3.45822792939802,2.72711429582988,4.21638432609835
GDP growth (annual %),NY.GDP.MKTP.KD.ZG,South Africa,ZAF,-6.1689177146757,4.95503259440756,1.91147996033504,0.698485194788034
GDP growth (annual %),NY.GDP.MKTP.KD.ZG,South Sudan,SSD,..,..,..,..
GDP growth (annual %),NY.GDP.MKTP.KD.ZG,Spain,ESP,-10.9400706591866,6.6831441850028,6.17931222572963,2.67566349258229
GDP growth (annual %),NY.GDP.MKTP.KD.ZG,Sri Lanka,LKA,-4.62451503662909,4.2074764951157,-7.34679123599076,-2.29801056186895
GDP growth (annual %),NY.GDP.MKTP.KD.ZG,St. Kitts and Nevis,KNA,-15.3544517590966,0.479678356753311,10.5228492759939,2.2849480914594
GDP growth (annual %),NY.GDP.MKTP.KD.ZG,St. Lucia,LCA,-24.3611553496453,11.5994736212466,20.3867675749845,2.21007265992306
GDP growth (annual %),NY.GDP.MKTP.KD.ZG,St. Martin (French part),MAF,-12.500002246731,4.89999967133534,..,..
GDP growth (annual %),NY.GDP.MKTP.KD.ZG,St. Vincent and the Grenadines,VCT,-3.73914599187015,0.75379707990075,7.1598328657349,6.01610914506236
GDP growth (annual %),NY.GDP.MKTP.KD.ZG,Sudan,SDN,-3.62980082410752,-1.8685204827207,-0.957816591119183,-20.1115759693272
GDP growth (annual %),NY.GDP.MKTP.KD.ZG,Suriname,SUR,-15.9751917148622,-2.43538583612838,2.40622235601218,2.53956675446825
GDP growth (annual %),NY.GDP.MKTP.KD.ZG,Eswatini,SWZ,-2.88706296038356,3.39933858133693,-0.0676192583464115,5.01490471257054
GDP growth (annual %),NY.GDP.MKTP.KD.ZG,Sweden,SWE,-2.00533750353763,5.9375085730744,1.45928850757269,-0.310670184725893
GDP growth (annual %),NY.GDP.MKTP.KD.ZG,Switzerland,CHE,-2.14173720650054,5.39188804141473,2.56832817834069,0.716066868695833
GDP growth (annual %),NY.GDP.MKTP.KD.ZG,Syrian Arab Republic,SYR,-0.697154504235129,1.85421590064124,0.732781301861365,..
GDP growth (annual %),NY.GDP.MKTP.KD.ZG,Tajikistan,TJK,4.40000111553493,9.39999955037523,8.00000033846364,8.29999921651935
GDP growth (annual %),NY.GDP.MKTP.KD.ZG,Tanzania,TZA,1.99196460647855,4.32138429480482,4.56600576430955,5.06952353203394
GDP growth (annual %),NY.GDP.MKTP.KD.ZG,Thailand,THA,-6.05003846851622,1.56818176501186,2.46276934050356,1.88725725050934
GDP growth (annual %),NY.GDP.MKTP.KD.ZG,Timor-Leste,TLS,31.7257416721413,5.363126627216,-20.584244040573,-18.1178133769718
GDP growth (annual %),NY.GDP.MKTP.KD.ZG,Togo,TGO,1.99215501870344,5.99087610392314,5.75954251521733,6.40792215636242
GDP growth (annual %),NY.GDP.MKTP.KD.ZG,Tonga,TON,1.78339492959161,0.362601971842835,-2.30986002720401,..
GDP growth (annual %),NY.GDP.MKTP.KD.ZG,Trinidad and Tobago,TTO,-9.07787689348437,-1.03742621022469,1.48223484044745,1.34767518168188
GDP growth (annual %),NY.GDP.MKTP.KD.ZG,Tunisia,TUN,-9.01193412390238,4.7363207484732,2.67331821840567,0.0391565674939329
GDP growth (annual %),NY.GDP.MKTP.KD.ZG,Turkiye,TUR,1.85987303976462,11.4393956926566,5.53342787492781,5.11116818488702
GDP growth (annual %),NY.GDP.MKTP.KD.ZG,Turkmenistan,TKM,5.900000048526,6.20000001747076,6.19999993621698,6.30015758549871
GDP growth (annual %),NY.GDP.MKTP.KD.ZG,Turks and Caicos Islands,TCA,-26.782932872099,9.02549747146406,6.19999948551566,1.19999674543641
GDP growth (annual %),NY.GDP.MKTP.KD.ZG,Tuvalu,TUV,-4.27493206901397,1.8041359113616,0.677309361438304,3.85280919517032
GDP growth (annual %),NY.GDP.MKTP.KD.ZG,Uganda,UGA,2.95130642218098,3.53658034070898,4.58802192181773,5.33697295511469
GDP growth (annual %),NY.GDP.MKTP.KD.ZG,Ukraine,UKR,-3.7528179386597,3.44562065700251,-28.7585842132117,5.32433537426355
GDP growth (annual %),NY.GDP.MKTP.KD.ZG,United Arab Emirates,ARE,-4.95705243652739,4.35475529921305,7.50969703221836,3.61870653547174
GDP growth (annual %),NY.GDP.MKTP.KD.ZG,United Kingdom,GBR,-10.2969188737567,8.5759509048565,4.83908514714403,0.339966158003463
GDP growth (annual %),NY.GDP.MKTP.KD.ZG,United States,USA,-2.16302913866514,6.05505293304576,2.51237531983308,2.88755600906016
GDP growth (annual %),NY.GDP.MKTP.KD.ZG,Uruguay,URY,-7.38014184479323,5.56189279343275,4.70725761465232,0.3674751756175
GDP growth (annual %),NY.GDP.MKTP.KD.ZG,Uzbekistan,UZB,1.56334277259953,8.0346831263811,6.00134232206508,6.29141635081155
GDP growth (annual %),NY.GDP.MKTP.KD.ZG,Vanuatu,VUT,-4.99249142889525,-1.55229489129462,1.9160570121628,2.21294177094788
GDP growth (annual %),NY.GDP.MKTP.KD.ZG,"Venezuela, RB",VEN,..,..,..,..
GDP growth (annual %),NY.GDP.MKTP.KD.ZG,Viet Nam,VNM,2.86541320912272,2.55372852648131,8.12351446767343,5.0464307361882
GDP growth (annual %),NY.GDP.MKTP.KD.ZG,Virgin Islands (U.S.),VIR,-1.61493817814787,3.66760707873814,-1.31123206333498,..
GDP growth (annual %),NY.GDP.MKTP.KD.ZG,West Bank and Gaza,PSE,-11.3184661065134,7.01198227592003,4.08276027347105,-5.41093700031979
GDP growth (annual %),NY.GDP.MKTP.KD.ZG,"Yemen, Rep.",YEM,..,..,..,..
GDP growth (annual %),NY.GDP.MKTP.KD.ZG,Zambia,ZMB,-2.78505506545167,6.23492204726448,5.21122360356247,5.36794285493059
GDP growth (annual %),NY.GDP.MKTP.KD.ZG,Zimbabwe,ZWE,-7.81695064681365,8.46801689759531,6.13926326513234,5.33673049519527
"Inflation, consumer prices (annual %)",FP.CPI.TOTL.ZG,Afghanistan,AFG,5.60188791482224,5.13320340824963,13.7121023720065,-4.64470870797775
"Inflation, consumer prices (annual %)",FP.CPI.TOTL.ZG,Albania,ALB,1.62088661717004,2.04147163139545,6.7252027153006,4.75976421930106
"Inflation, consumer prices (annual %)",FP.CPI.TOTL.ZG,Algeria,DZA,2.41513094083414,7.22606307415477,9.26551551551553,9.32217375928322
"Inflation, consumer prices (annual %)",FP.CPI.TOTL.ZG,American Samoa,ASM,..,..,..,..
"Inflation, consumer prices (annual %)",FP.CPI.TOTL.ZG,Andorra,AND,..,..,..,..
"Inflation, consumer prices (annual %)",FP.CPI.TOTL.ZG,Angola,AGO,22.271539247051,25.7542948841891,21.3552901320822,13.6441017767715
"Inflation, consumer prices (annual %)",FP.CPI.TOTL.ZG,Antigua and Barbuda,ATG,0.625989707046719,2.06299638545334,7.53107834634288,5.06713865364213
"Inflation, consumer prices (annual %)",FP.CPI.TOTL.ZG,Argentina,ARG,..,..,..,..
"Inflation, consumer prices (annual %)",FP.CPI.TOTL.ZG,Armenia,ARM,1.21143577838465,7.18483629443371,8.64091108973855,1.98041877615554
"Inflation, consumer prices (annual %)",FP.CPI.TOTL.ZG,Aruba,ABW,..,..,..,..
"Inflation, consumer prices (annual %)",FP.CPI.TOTL.ZG,Australia,AUS,0.846905537459305,2.86391042204994,6.59409671341846,5.5970149253731
"Inflation, consumer prices (annual %)",FP.CPI.TOTL.ZG,Austria,AUT,1.38191063351862,2.7666666666667,8.5468699318845,7.81413417002832
"Inflation, consumer prices (annual %)",FP.CPI.TOTL.ZG,Azerbaijan,AZE,2.75980947008127,6.65029912708779,13.8522590144267,8.78543049849081
"Inflation, consumer prices (annual %)",FP.CPI.TOTL.ZG,"Bahamas, The",BHS,0.0385210980054558,2.90491262928478,5.60540633583044,3.05291578969743
"Inflation, consumer prices (annual %)",FP.CPI.TOTL.ZG,Bahrain,BHR,-2.31770629331379,-0.60631938514085,3.62574104304482,0.0746206782192256
"Inflation, consumer prices (annual %)",FP.CPI.TOTL.ZG,Bangladesh,BGD,5.69107474746211,5.54565430773473,7.69695437176898,9.8835030377921
"Inflation, consumer prices (annual %)",FP.CPI.TOTL.ZG,Barbados,BRB,..,..,..,9.79207077126447
"Inflation, consumer prices (annual %)",FP.CPI.TOTL.ZG,Belarus,BLR,5.54814357456511,9.46028389623103,15.209675274081,5.0005990309131
"Inflation, consumer prices (annual %)",FP.CPI.TOTL.ZG,Belgium,BEL,0.740791812220344,2.44024851144084,9.597511728725,4.04901077613941
"Inflation, consumer prices (annual %)",FP.CPI.TOTL.ZG,Belize,BLZ,0.121434644614894,3.23563659237071,6.27689319447544,4.38984017487675
"Inflation, consumer prices (annual %)",FP.CPI.TOTL.ZG,Benin,BEN,3.02272119663769,1.73353962694036,1.35077863583527,2.73102465280233
"Inflation, consumer prices (annual %)",FP.CPI.TOTL.ZG,Bermuda,BMU,..,..,..,..
"Inflation, consumer prices (annual %)",FP.CPI.TOTL.ZG,Bhutan,BTN,5.62936522632508,7.3468144053353,5.6391667139637,4.22934419929251
"Inflation, consumer prices (annual %)",FP.CPI.TOTL.ZG,Bolivia,BOL,0.940742153381849,0.737383721452275,1.74632872945969,2.57688800489192
"Inflation, consumer prices (annual %)",FP.CPI.TOTL.ZG,Bosnia and Herzegovina,BIH,-1.0512960076349,1.98163900587622,14.0208440826771,6.1059011284828
"Inflation, consumer prices (annual %)",FP.CPI.TOTL.ZG,Botswana,BWA,1.8903591682421,7.24097765588442,11.665567478802,5.0676154934383
"Inflation, consumer prices (annual %)",FP.CPI.TOTL.ZG,Brazil,BRA,3.21176803803376,8.30165975585673,9.28010608956873,4.59356282283204
"Inflation, consumer prices (annual %)",FP.CPI.TOTL.ZG,British Virgin Islands,VGB,..,..,..,..
"Inflation, consumer prices (annual %)",FP.CPI.TOTL.ZG,Brunei Darussalam,BRN,1.94031996607184,1.73341388450593,3.68225030604216,0.35706431153689
"Inflation, consumer prices (annual %)",FP.CPI.TOTL.ZG,Bulgaria,BGR,1.67244096855756,3.29774435299515,15.3252589264366,9.44284140088564
"Inflation, consumer prices (annual %)",FP.CPI.TOTL.ZG,Burkina Faso,BFA,1.88443993781991,3.65353287214209,14.2902354303358,0.742910428668841
"Inflation, consumer prices (annual %)",FP.CPI.TOTL.ZG,Burundi,BDI,7.32110643415521,8.40453845076341,18.8008786664945,26.9414835762453
"Inflation, consumer prices (annual %)",FP.CPI.TOTL.ZG,Cabo Verde,CPV,0.605795808395385,1.86215297494647,7.93092925430087,3.72437517668748
"Inflation, consumer prices (annual %)",FP.CPI.TOTL.ZG,Cambodia,KHM,2.9402951426397,2.92073477592949,5.34370264895437,2.12746796594194
"Inflation, consumer prices (annual %)",FP.CPI.TOTL.ZG,Cameroon,CMR,2.43760882182236,2.27185762503637,6.24767713343861,7.38281384280984
"Inflation, consumer prices (annual %)",FP.CPI.TOTL.ZG,Canada,CAN,0.716999632307827,3.39519318527528,6.80280115341613,3.87900159788426
"Inflation, consumer prices (annual %)",FP.CPI.TOTL.ZG,Cayman Islands,CYM,..,..,..,..
"Inflation, consumer prices (annual %)",FP.CPI.TOTL.ZG,Central African Republic,CAF,1.71015659523153,4.25936417542868,5.58316735183247,2.97913852618937
"Inflation, consumer prices (annual %)",FP.CPI.TOTL.ZG,Chad,TCD,4.4641443723286,-0.772844370359139,5.78802687843616,10.8363568399842
"Inflation, consumer prices (annual %)",FP.CPI.TOTL.ZG,Channel Islands,CHI,..,..,..,..
"Inflation, consumer prices (annual %)",FP.CPI.TOTL.ZG,Chile,CHL,3.04549084804326,4.52456838259144,11.643866711056,7.58168251407962
"Inflation, consumer prices (annual %)",FP.CPI.TOTL.ZG,China,CHN,2.41942189457782,0.981015135544882,1.97357555739051,0.234836828893051
"Inflation, consumer prices (annual %)",FP.CPI.TOTL.ZG,Colombia,COL,2.52663500084706,3.49505757399448,10.1772313546166,11.7359044948689
"Inflation, consumer prices (annual %)",FP.CPI.TOTL.ZG,Comoros,COM,..,..,..,..
"Inflation, consumer prices (annual %)",FP.CPI.TOTL.ZG,"Congo, Dem. Rep.",COD,..,..,..,..
"Inflation, consumer prices (annual %)",FP.CPI.TOTL.ZG,"Congo, Rep.",COG,1.79537147083108,1.7156427545126,3.04344334698478,4.30174563591016
"Inflation, consumer prices (annual %)",FP.CPI.TOTL.ZG,Costa Rica,CRI,0.724911478131376,1.72647755109241,8.27477490232654,0.525193508693455
"Inflation, consumer prices (annual %)",FP.CPI.TOTL.ZG,Cote d'Ivoire,CIV,2.42500656821815,4.09195189692863,5.27616724262846,4.38711707003279
"Inflation, consumer prices (annual %)",FP.CPI.TOTL.ZG,Croatia,HRV,0.154811374562106,2.55450699642041,10.7805806758686,7.9412817758683
"Inflation, consumer prices (annual %)",FP.CPI.TOTL.ZG,Cuba,CUB,..,..,..,..
"Inflation, consumer prices (annual %)",FP.CPI.TOTL.ZG,Curacao,CUW,..,..,..,..
"Inflation, consumer prices (annual %)",FP.CPI.TOTL.ZG,Cyprus,CYP,-0.638422797978959,2.44608867175474,8.39548297993334,3.54134188751663
"Inflation, consumer prices (annual %)",FP.CPI.TOTL.ZG,Czechia,CZE,3.16129528497801,3.83984491500146,15.1001651468371,10.6612601372426
"Inflation, consumer prices (annual %)",FP.CPI.TOTL.ZG,Denmark,DNK,0.420711974110115,1.8530454398968,7.6965669988926,3.30517811237606
"Inflation, consumer prices (annual %)",FP.CPI.TOTL.ZG,Djibouti,DJI,1.7774078380617,1.18191775339802,5.17980847967061,1.49506816515088
"Inflation, consumer prices (annual %)",FP.CPI.TOTL.ZG,Dominica,DMA,-0.727116412668203,1.4831944499819,7.7806152516404,4.22769324983409
"Inflation, consumer prices (annual %)",FP.CPI.TOTL.ZG,Dominican Republic,DOM,3.78103179915517,8.24300347981809,8.81109209279587,4.78561281021135
"Inflation, consumer prices (annual %)",FP.CPI.TOTL.ZG,Ecuador,ECU,-0.338872392562139,0.133251386096389,3.46616972213077,2.21568764237058
"Inflation, consumer prices (annual %)",FP.CPI.TOTL.ZG,"Egypt, Arab Rep.",EGY,5.04493288977539,5.21404940513043,13.8956609775178,33.8847763115546
"Inflation, consumer prices (annual %)",FP.CPI.TOTL.ZG,El Salvador,SLV,-0.371590212324095,3.46692585313082,7.19861615609867,4.04554694222477
"Inflation, consumer prices (annual %)",FP.CPI.TOTL.ZG,Equatorial Guinea,GNQ,4.76669523944228,-0.0971007664640198,4.78671704710803,..
"Inflation, consumer prices (annual %)",FP.CPI.TOTL.ZG,Eritrea,ERI,..,..,..,..
"Inflation, consumer prices (annual %)",FP.CPI.TOTL.ZG,Estonia,EST,-0.44453109767983,4.65316673847473,19.3982634080616,9.15922507983982
"Inflation, consumer prices (annual %)",FP.CPI.TOTL.ZG,Ethiopia,ETH,20.3563468559061,26.8395221557722,33.8898797100898,30.2188278135278
"Inflation, consumer prices (annual %)",FP.CPI.TOTL.ZG,Faroe Islands,FRO,..,..,..,..
"Inflation, consumer prices (annual %)",FP.CPI.TOTL.ZG,Fiji,FJI,-2.5952432588738,0.155855722131516,4.52019266394958,2.14817440623896
"Inflation, consumer prices (annual %)",FP.CPI.TOTL.ZG,Finland,FIN,0.290554555653239,2.19457432340007,7.12350773301402,6.25064322154763
"Inflation, consumer prices (annual %)",FP.CPI.TOTL.ZG,France,FRA,0.476498852725066,1.64233141038385,5.22236748369735,4.87835726508441
"Inflation, consumer prices (annual %)",FP.CPI.TOTL.ZG,French Polynesia,PYF,..,..,..,..
"Inflation, consumer prices (annual %)",FP.CPI.TOTL.ZG,Gabon,GAB,1.35276110675333,1.0869074651941,4.23124798274579,3.62901534185376
"Inflation, consumer prices (annual %)",FP.CPI.TOTL.ZG,"Gambia, The",GMB,5.93127636562441,7.37034758876618,11.5131198380505,16.9742129632327
"Inflation, consumer prices (annual %)",FP.CPI.TOTL.ZG,Georgia,GEO,5.2024648897534,9.56691433824769,11.8981654203198,2.48776056578715
"Inflation, consumer prices (annual %)",FP.CPI.TOTL.ZG,Germany,DEU,0.144877925813982,3.06666666666673,6.87257438551097,5.94643667725823
"Inflation, consumer prices (annual %)",FP.CPI.TOTL.ZG,Ghana,GHA,9.88728956269944,9.9710886750444,31.2558951049016,38.1069656296501
"Inflation, consumer prices (annual %)",FP.CPI.TOTL.ZG,Gibraltar,GIB,..,..,..,..
"Inflation, consumer prices (annual %)",FP.CPI.TOTL.ZG,Greece,GRC,-1.24798355581405,1.22382501019854,9.64525981280632,3.46480128513405
"Inflation, consumer prices (annual %)",FP.CPI.TOTL.ZG,Greenland,GRL,..,..,..,..
"Inflation, consumer prices (annual %)",FP.CPI.TOTL.ZG,Grenada,GRD,-0.740732597045498,1.21951193916838,2.5805392590792,2.69612269814564
"Inflation, consumer prices (annual %)",FP.CPI.TOTL.ZG,Guam,GUM,..,..,..,..
"Inflation, consumer prices (annual %)",FP.CPI.TOTL.ZG,Guatemala,GTM,3.21444062197352,4.26105127422813,6.88512823344287,6.20657592272126
"Inflation, consumer prices (annual %)",FP.CPI.TOTL.ZG,Guinea,GIN,10.6016203387167,12.5972882566934,10.4930409984424,7.80497591927973
"Inflation, consumer prices (annual %)",FP.CPI.TOTL.ZG,Guinea-Bissau,GNB,1.14000939393213,2.24248879577659,9.39383877456591,..
"Inflation, consumer prices (annual %)",FP.CPI.TOTL.ZG,Guyana,GUY,0.99333702283873,5.03285574626702,6.11505550109935,2.82110335099641
"Inflation, consumer prices (annual %)",FP.CPI.TOTL.ZG,Haiti,HTI,22.7963113642528,16.8415240198785,33.98393194707,36.8135162780854
"Inflation, consumer prices (annual %)",FP.CPI.TOTL.ZG,Honduras,HND,3.46841177951184,4.48087963413445,9.08963911525025,6.66325180347457
"Inflation, consumer prices (annual %)",FP.CPI.TOTL.ZG,"Hong Kong SAR, China",HKG,0.2509620210808,1.56875834445922,1.88136707196853,2.09660511249089
"Inflation, consumer prices (annual %)",FP.CPI.TOTL.ZG,Hungary,HUN,3.32674385766738,5.11096534382855,14.6081439492433,17.1249659678737
"Inflation, consumer prices (annual %)",FP.CPI.TOTL.ZG,Iceland,ISL,2.84792401518665,4.44423970189739,8.3087551155892,8.73630299937298
"Inflation, consumer prices (annual %)",FP.CPI.TOTL.ZG,India,IND,6.62343677628535,5.13140747176369,6.69903414079852,5.64914318907925
"Inflation, consumer prices (annual %)",FP.CPI.TOTL.ZG,Indonesia,IDN,1.9209680056685,1.56012990525673,4.20946383402165,3.67013142377007
"Inflation, consumer prices (annual %)",FP.CPI.TOTL.ZG,"Iran, Islamic Rep.",IRN,30.5941390387295,43.3890162681514,43.4884641742179,44.5791857572797
"Inflation, consumer prices (annual %)",FP.CPI.TOTL.ZG,Iraq,IRQ,0.574162679425795,6.04186489058044,4.99476596381044,4.35835351089586
"Inflation, consumer prices (annual %)",FP.CPI.TOTL.ZG,Ireland,IRL,-0.326183651280033,2.34034113447044,7.82945736434105,6.29942487419125
"Inflation, consumer prices (annual %)",FP.CPI.TOTL.ZG,Isle of Man,IMN,..,..,..,..
"Inflation, consumer prices (annual %)",FP.CPI.TOTL.ZG,Israel,ISR,-0.61441235846577,1.51020047690539,4.39359665912654,4.22535211267609
"Inflation, consumer prices (annual %)",FP.CPI.TOTL.ZG,Italy,ITA,-0.13770757391651,1.87378325762481,8.20128991161718,5.62219442195901
"Inflation, consumer prices (annual %)",FP.CPI.TOTL.ZG,Jamaica,JAM,5.2267777929352,5.86278242801063,10.3495688391272,6.47413734662063
"Inflation, consumer prices (annual %)",FP.CPI.TOTL.ZG,Japan,JPN,-0.024995834027731,-0.233352779398264,2.49770278172255,3.26813365933163
"Inflation, consumer prices (annual %)",FP.CPI.TOTL.ZG,Jordan,JOR,0.333294350628378,1.34609377243118,4.22915568897117,2.08486986327134
"Inflation, consumer prices (annual %)",FP.CPI.TOTL.ZG,Kazakhstan,KAZ,6.71815454861464,8.04147134028396,15.0278644440851,14.7249900200331
"Inflation, consumer prices (annual %)",FP.CPI.TOTL.ZG,Kenya,KEN,5.40516207933392,6.10793603659176,7.65986268272224,7.67139634029402
"Inflation, consumer prices (annual %)",FP.CPI.TOTL.ZG,Kiribati,KIR,2.5532455441463,2.05361676773907,5.34595440908904,9.28307374517721
"Inflation, consumer prices (annual %)",FP.CPI.TOTL.ZG,"Korea, Dem. People's Rep.",PRK,..,..,..,..
"Inflation, consumer prices (annual %)",FP.CPI.TOTL.ZG,"Korea, Rep.",KOR,0.537288023411737,2.49833333333339,5.08951365062842,3.5974562502901
"Inflation, consumer prices (annual %)",FP.CPI.TOTL.ZG,Kosovo,XKX,0.198227922994854,3.35369139207997,11.5805104542012,4.94432438791283
"Inflation, consumer prices (annual %)",FP.CPI.TOTL.ZG,Kuwait,KWT,2.101729548274,3.42362947609188,3.98064961990313,3.64216403030709
"Inflation, consumer prices (annual %)",FP.CPI.TOTL.ZG,Kyrgyz Republic,KGZ,6.32542296338078,11.9050398185147,13.9229093174176,10.7532770416742
"Inflation, consumer prices (annual %)",FP.CPI.TOTL.ZG,Lao PDR,LAO,5.10407262959919,3.75562036658877,22.9562225132056,31.2301341732646
"Inflation, consumer prices (annual %)",FP.CPI.TOTL.ZG,Latvia,LVA,0.219064904842156,3.27582937431156,17.3102830198815,8.93804623316637
"Inflation, consumer prices (annual %)",FP.CPI.TOTL.ZG,Lebanon,LBN,84.8643330472041,154.756096023393,171.205491336641,221.341644023365
"Inflation, consumer prices (annual %)",FP.CPI.TOTL.ZG,Lesotho,LSO,4.97809676252309,6.04774591950676,8.27180389943028,6.34221743124953
"Inflation, consumer prices (annual %)",FP.CPI.TOTL.ZG,Liberia,LBR,16.9557241496255,7.81559385858648,7.59298486560313,10.0944535665552
"Inflation, consumer prices (annual %)",FP.CPI.TOTL.ZG,Libya,LBY,1.44703656998741,2.86833027751019,4.51030149235703,2.37317531435169
"Inflation, consumer prices (annual %)",FP.CPI.TOTL.ZG,Liechtenstein,LIE,..,..,..,..
"Inflation, consumer prices (annual %)",FP.CPI.TOTL.ZG,Lithuania,LTU,1.19989444983569,4.68354420903453,19.7050461518394,9.11731962390475
"Inflation, consumer prices (annual %)",FP.CPI.TOTL.ZG,Luxembourg,LUX,0.819957302127036,2.52692009066166,6.33600807777919,3.74140361983136
"Inflation, consumer prices (annual %)",FP.CPI.TOTL.ZG,"Macao SAR, China",MAC,0.811410511491651,0.0264543647054126,1.04502802369954,0.476384495788075
"Inflation, consumer prices (annual %)",FP.CPI.TOTL.ZG,North Macedonia,MKD,1.20007348888487,3.23074912132919,14.2047173195833,9.36187249769016
"Inflation, consumer prices (annual %)",FP.CPI.TOTL.ZG,Madagascar,MDG,4.20179312190557,5.81225118787715,8.16059031991844,9.87432675044888
"Inflation, consumer prices (annual %)",FP.CPI.TOTL.ZG,Malawi,MWI,8.62551469650552,9.33014410835212,20.953969729969,28.7897428247298
"Inflation, consumer prices (annual %)",FP.CPI.TOTL.ZG,Malaysia,MYS,-1.1387021539305,2.47710241465447,3.37869862549928,2.48886560125754
"Inflation, consumer prices (annual %)",FP.CPI.TOTL.ZG,Maldives,MDV,-1.36977425569811,0.543149688737013,2.33314337624567,2.92746542425035
"Inflation, consumer prices (annual %)",FP.CPI.TOTL.ZG,Mali,MLI,0.438088940320668,3.92560283104276,9.62147608489072,2.05880228274214
"Inflation, consumer prices (annual %)",FP.CPI.TOTL.ZG,Malta,MLT,0.638544956776712,1.49789217934724,6.15375621933037,5.09396758978883
"Inflation, consumer prices (annual %)",FP.CPI.TOTL.ZG,Marshall Islands,MHL,..,..,..,..
"Inflation, consumer prices (annual %)",FP.CPI.TOTL.ZG,Mauritania,MRT,2.3856948845632,3.56516484650185,9.52526628622843,4.95305034506872
"Inflation, consumer prices (annual %)",FP.CPI.TOTL.ZG,Mauritius,MUS,2.58080077182822,4.02852888157383,10.7737512242899,7.05298238454735
"Inflation, consumer prices (annual %)",FP.CPI.TOTL.ZG,Mexico,MEX,3.39683415570006,5.68920847683753,7.8962761916855,5.52796087314389
"Inflation, consumer prices (annual %)",FP.CPI.TOTL.ZG,"Micronesia, Fed. Sts.",FSM,0.554594630853174,3.19128406597466,5.40874375479067,..
"Inflation, consumer prices (annual %)",FP.CPI.TOTL.ZG,Moldova,MDA,3.76597122245358,5.10641129002836,28.7372976766236,13.41701043813
"Inflation, consumer prices (annual %)",FP.CPI.TOTL.ZG,Monaco,MCO,..,..,..,..
"Inflation, consumer prices (annual %)",FP.CPI.TOTL.ZG,Mongolia,MNG,3.79604026111247,7.35281243380219,15.1479560897226,10.3475831314339
"Inflation, consumer prices (annual %)",FP.CPI.TOTL.ZG,Montenegro,MNE,-0.255655699848551,2.41080198403165,13.0403036347004,8.58476910455403
"Inflation, consumer prices (annual %)",FP.CPI.TOTL.ZG,Morocco,MAR,0.705968661338261,1.40195883962006,6.65704202759067,6.09114152504141
"Inflation, consumer prices (annual %)",FP.CPI.TOTL.ZG,Mozambique,MOZ,3.48393567493204,6.40847652975692,10.2794018093421,7.12697482131851
"Inflation, consumer prices (annual %)",FP.CPI.TOTL.ZG,Myanmar,MMR,..,..,..,..
"Inflation, consumer prices (annual %)",FP.CPI.TOTL.ZG,Namibia,NAM,2.20938236933469,3.61690530108814,6.08128114112413,5.87993463284275
"Inflation, consumer prices (annual %)",FP.CPI.TOTL.ZG,Nauru,NRU,..,..,..,..
"Inflation, consumer prices (annual %)",FP.CPI.TOTL.ZG,Nepal,NPL,5.05236655289212,4.14968003360264,7.6507917679853,7.11475951738199
"Inflation, consumer prices (annual %)",FP.CPI.TOTL.ZG,Netherlands,NLD,1.27246037789161,2.67572008805385,10.0012078753473,3.83839354342808
"Inflation, consumer prices (annual %)",FP.CPI.TOTL.ZG,New Caledonia,NCL,..,..,..,..
"Inflation, consumer prices (annual %)",FP.CPI.TOTL.ZG,New Zealand,NZL,1.71456170007245,3.94112060778728,7.17222476016441,5.73316283034957
"Inflation, consumer prices (annual %)",FP.CPI.TOTL.ZG,Nicaragua,NIC,3.68181341625572,4.92841396948968,10.4674244465991,8.38765854872536
"Inflation, consumer prices (annual %)",FP.CPI.TOTL.ZG,Niger,NER,2.8981937602627,3.8378680284051,4.22621791916392,3.70097316425834
"Inflation, consumer prices (annual %)",FP.CPI.TOTL.ZG,Nigeria,NGA,13.2460234276597,16.9528457221608,18.8471877843274,24.6595502031139
"Inflation, consumer prices (annual %)",FP.CPI.TOTL.ZG,Northern Mariana Islands,MNP,..,..,..,..
"Inflation, consumer prices (annual %)",FP.CPI.TOTL.ZG,Norway,NOR,1.28658490708005,3.48388055266678,5.76412317852272,5.51784987104659
"Inflation, consumer prices (annual %)",FP.CPI.TOTL.ZG,Oman,OMN,-0.40640291946585,1.68221185876085,2.5061425061425,0.950782997762827
"Inflation, consumer prices (annual %)",FP.CPI.TOTL.ZG,Pakistan,PAK,9.73999313898155,9.49621056124947,19.8738599646655,30.7681280657005
"Inflation, consumer prices (annual %)",FP.CPI.TOTL.ZG,Palau,PLW,0.218181818181833,2.6124818577648,12.3526638378124,12.8199748216534
"Inflation, consumer prices (annual %)",FP.CPI.TOTL.ZG,Panama,PAN,-1.5502754080376,1.63070337301898,2.85965128834711,1.48641355277038
"Inflation, consumer prices (annual %)",FP.CPI.TOTL.ZG,Papua New Guinea,PNG,4.87167398565555,4.48359014042398,5.25323922215241,2.29869991296791
"Inflation, consumer prices (annual %)",FP.CPI.TOTL.ZG,Paraguay,PRY,1.76751592356698,4.787983101236,9.76556667164402,4.63202285403356
"Inflation, consumer prices (annual %)",FP.CPI.TOTL.ZG,Peru,PER,2.00241205759292,4.27166381536798,8.33370630096231,6.45561348369586
"Inflation, consumer prices (annual %)",FP.CPI.TOTL.ZG,Philippines,PHL,2.3931623931624,3.92718022100332,5.82115811213955,5.97802515541409
"Inflation, consumer prices (annual %)",FP.CPI.TOTL.ZG,Poland,POL,3.37446972618589,5.05502704719272,14.4294507575758,11.5289127961105
"Inflation, consumer prices (annual %)",FP.CPI.TOTL.ZG,Portugal,PRT,-0.0124383299575305,1.26565719069044,7.83269124233323,4.31128191898672
"Inflation, consumer prices (annual %)",FP.CPI.TOTL.ZG,Puerto Rico,PRI,..,..,..,..
"Inflation, consumer prices (annual %)",FP.CPI.TOTL.ZG,Qatar,QAT,-2.5403150300476,2.30446565742003,4.99527553740761,3.02764899198902
"Inflation, consumer prices (annual %)",FP.CPI.TOTL.ZG,Romania,ROU,2.63107311184743,5.05232876096582,13.7954887432521,10.3971874764996
"Inflation, consumer prices (annual %)",FP.CPI.TOTL.ZG,Russian Federation,RUS,3.38165937237898,6.69445891957612,..,..
"Inflation, consumer prices (annual %)",FP.CPI.TOTL.ZG,Rwanda,RWA,9.85039902274207,-0.391346748300791,17.6892095588153,19.789546746467
"Inflation, consumer prices (annual %)",FP.CPI.TOTL.ZG,Samoa,WSM,-1.56891247740895,3.13320473174494,10.9618822286844,7.92164684826777
"Inflation, consumer prices (annual %)",FP.CPI.TOTL.ZG,San Marino,SMR,-0.133368898372915,1.61551411551421,5.32545321311365,5.93190858629403
"Inflation, consumer prices (annual %)",FP.CPI.TOTL.ZG,Sao Tome and Principe,STP,9.81932791540146,8.13777038378732,18.0056351122841,21.2589138473
"Inflation, consumer prices (annual %)",FP.CPI.TOTL.ZG,Saudi Arabia,SAU,3.44545825956692,3.06328988941547,2.4740737192537,2.32708518362692
"Inflation, consumer prices (annual %)",FP.CPI.TOTL.ZG,Senegal,SEN,2.54314685681652,2.18032278088147,9.69681899081073,5.93947798773215
"Inflation, consumer prices (annual %)",FP.CPI.TOTL.ZG,Serbia,SRB,1.57553290083415,4.08510285335102,11.9815117344703,12.3719043552519
"Inflation, consumer prices (annual %)",FP.CPI.TOTL.ZG,Seychelles,SYC,1.20266463987123,9.76909936973542,2.6260363285129,-1.03530088431952
"Inflation, consumer prices (annual %)",FP.CPI.TOTL.ZG,Sierra Leone,SLE,13.4468711101052,11.8739588840234,27.2082883814653,47.6428733253179
"Inflation, consumer prices (annual %)",FP.CPI.TOTL.ZG,Singapore,SGP,-0.181916666666634,2.30485959040484,6.12106004039418,4.82146729476466
"Inflation, consumer prices (annual %)",FP.CPI.TOTL.ZG,Sint Maarten (Dutch part),SXM,..,..,..,..
"Inflation, consumer prices (annual %)",FP.CPI.TOTL.ZG,Slovak Republic,SVK,1.93694126694223,3.14960629921268,12.7741463637611,10.5319476645211
"Inflation, consumer prices (annual %)",FP.CPI.TOTL.ZG,Slovenia,SVN,-0.05485681576061,1.91706506089259,8.83369886749452,7.44687717385838
"Inflation, consumer prices (annual %)",FP.CPI.TOTL.ZG,Solomon Islands,SLB,2.96354992076065,-0.115437894412839,5.51812928576938,5.88585897042164
"Inflation, consumer prices (annual %)",FP.CPI.TOTL.ZG,Somalia,SOM,..,..,..,..
"Inflation, consumer prices (annual %)",FP.CPI.TOTL.ZG,South Africa,ZAF,3.23238831615113,4.61874544887136,7.03987272546482,6.0752438457966
"Inflation, consumer prices (annual %)",FP.CPI.TOTL.ZG,South Sudan,SSD,29.6758435538571,10.5167158294359,-6.68732094212672,2.38280434813759
"Inflation, consumer prices (annual %)",FP.CPI.TOTL.ZG,Spain,ESP,-0.322753017299739,3.0931351197642,8.39057634118627,3.53236133492433
"Inflation, consumer prices (annual %)",FP.CPI.TOTL.ZG,Sri Lanka,LKA,6.15394508391738,7.01478071238195,49.7211021114327,16.5411742279832
"Inflation, consumer prices (annual %)",FP.CPI.TOTL.ZG,St. Kitts and Nevis,KNA,-1.16724501769353,1.195688870384,2.66817533111249,3.55711230848243
"Inflation, consumer prices (annual %)",FP.CPI.TOTL.ZG,St. Lucia,LCA,-1.75580833517594,2.41070312174393,6.37814695133351,4.07060821926204
"Inflation, consumer prices (annual %)",FP.CPI.TOTL.ZG,St. Martin (French part),MAF,..,..,..,..
"Inflation, consumer prices (annual %)",FP.CPI.TOTL.ZG,St. Vincent and the Grenadines,VCT,-0.628131309354654,1.57272932500558,5.66009779226552,4.56457719814894
"Inflation, consumer prices (annual %)",FP.CPI.TOTL.ZG,Sudan,SDN,163.257782355458,359.093040778999,138.80846024176,..
"Inflation, consumer prices (annual %)",FP.CPI.TOTL.ZG,Suriname,SUR,34.889784309078,59.1196626251977,52.446027276241,51.5873159600861
"Inflation, consumer prices (annual %)",FP.CPI.TOTL.ZG,Eswatini,SWZ,..,..,..,..
"Inflation, consumer prices (annual %)",FP.CPI.TOTL.ZG,Sweden,SWE,0.497367318853572,2.16319736447153,8.36929098869189,8.54862489748902
"Inflation, consumer prices (annual %)",FP.CPI.TOTL.ZG,Switzerland,CHE,-0.725874933313384,0.581814168489856,2.83502798644463,2.13540088016377
"Inflation, consumer prices (annual %)",FP.CPI.TOTL.ZG,Syrian Arab Republic,SYR,..,..,..,..
"Inflation, consumer prices (annual %)",FP.CPI.TOTL.ZG,Tajikistan,TJK,..,..,..,..
"Inflation, consumer prices (annual %)",FP.CPI.TOTL.ZG,Tanzania,TZA,3.29029062798325,3.69091958802199,4.35027204269101,3.79923291384916
"Inflation, consumer prices (annual %)",FP.CPI.TOTL.ZG,Thailand,THA,-0.845937147357041,1.23039541318384,6.07741228434321,1.22802623546169
"Inflation, consumer prices (annual %)",FP.CPI.TOTL.ZG,Timor-Leste,TLS,0.495499215459571,3.69792094666786,7.00530945399787,8.42035103310377
"Inflation, consumer prices (annual %)",FP.CPI.TOTL.ZG,Togo,TGO,1.69928463299408,4.1862150652352,7.96757361617945,5.48928568141124
"Inflation, consumer prices (annual %)",FP.CPI.TOTL.ZG,Tonga,TON,-0.349737696727496,5.64051140636751,10.9713652903022,6.35112980255189
"Inflation, consumer prices (annual %)",FP.CPI.TOTL.ZG,Trinidad and Tobago,TTO,0.598986330824643,2.05922746915458,5.82838638517959,4.62930242419968
"Inflation, consumer prices (annual %)",FP.CPI.TOTL.ZG,Tunisia,TUN,5.63415115897625,5.706350208307,8.30646124447623,9.32899597507865
"Inflation, consumer prices (annual %)",FP.CPI.TOTL.ZG,Turkiye,TUR,12.2789574462574,19.5964926913324,72.3088359891207,53.8594087593315
"Inflation, consumer prices (annual %)",FP.CPI.TOTL.ZG,Turkmenistan,TKM,..,..,..,..
"Inflation, consumer prices (annual %)",FP.CPI.TOTL.ZG,Turks and Caicos Islands,TCA,..,..,..,..
"Inflation, consumer prices (annual %)",FP.CPI.TOTL.ZG,Tuvalu,TUV,..,..,..,..
"Inflation, consumer prices (annual %)",FP.CPI.TOTL.ZG,Uganda,UGA,3.31332289544502,2.20457204757414,7.1957888597581,5.35094804280395
"Inflation, consumer prices (annual %)",FP.CPI.TOTL.ZG,Ukraine,UKR,2.73249209419427,9.36313917695223,20.1836366617478,12.8490222828559
"Inflation, consumer prices (annual %)",FP.CPI.TOTL.ZG,United Arab Emirates,ARE,-2.07940317940944,0.179935336174431,5.29122604376849,1.62670837213248
"Inflation, consumer prices (annual %)",FP.CPI.TOTL.ZG,United Kingdom,GBR,0.989486703772491,2.51837109614213,7.92204883147902,6.79396706793963
"Inflation, consumer prices (annual %)",FP.CPI.TOTL.ZG,United States,USA,1.23358439630629,4.69785886363742,8.00279982052121,4.11633838374488
"Inflation, consumer prices (annual %)",FP.CPI.TOTL.ZG,Uruguay,URY,9.75640636078194,7.74791402314762,9.10437983075437,5.86910359896119
"Inflation, consumer prices (annual %)",FP.CPI.TOTL.ZG,Uzbekistan,UZB,12.8677297362606,10.8492397508122,11.4466436998836,9.95659071258018
"Inflation, consumer prices (annual %)",FP.CPI.TOTL.ZG,Vanuatu,VUT,5.32935073101715,2.34328358208953,6.67930581887121,11.1825017088175
"Inflation, consumer prices (annual %)",FP.CPI.TOTL.ZG,"Venezuela, RB",VEN,..,..,..,..
"Inflation, consumer prices (annual %)",FP.CPI.TOTL.ZG,Viet Nam,VNM,3.22093436652514,1.83471554810444,3.15650749963129,3.25289282667662
"Inflation, consumer prices (annual %)",FP.CPI.TOTL.ZG,Virgin Islands (U.S.),VIR,..,..,..,..
"Inflation, consumer prices (annual %)",FP.CPI.TOTL.ZG,West Bank and Gaza,PSE,-0.735332001092191,1.23748102831369,3.74122391852077,5.87110177678988
"Inflation, consumer prices (annual %)",FP.CPI.TOTL.ZG,"Yemen, Rep.",YEM,..,..,..,..
"Inflation, consumer prices (annual %)",FP.CPI.TOTL.ZG,Zambia,ZMB,15.7330604721369,22.0207676245777,10.9932039209136,10.884531691282
"Inflation, consumer prices (annual %)",FP.CPI.TOTL.ZG,Zimbabwe,ZWE,557.201817362051,98.5461050920624,104.705170628667,..
"Unemployment, total (% of total labor force) (national estimate)",SL.UEM.TOTL.NE.ZS,Afghanistan,AFG,11.71,5.679,..,..
"Unemployment, total (% of total labor force) (national estimate)",SL.UEM.TOTL.NE.ZS,Albania,ALB,11.639,11.474,10.785,10.669
"Unemployment, total (% of total labor force) (national estimate)",SL.UEM.TOTL.NE.ZS,Algeria,DZA,..,..,..,..
"Unemployment, total (% of total labor force) (national estimate)",SL.UEM.TOTL.NE.ZS,American Samoa,ASM,..,..,..,..
"Unemployment, total (% of total labor force) (national estimate)",SL.UEM.TOTL.NE.ZS,Andorra,AND,..,..,..,..
"Unemployment, total (% of total labor force) (national estimate)",SL.UEM.TOTL.NE.ZS,Angola,AGO,..,15.799,14.124,..
"Unemployment, total (% of total labor force) (national estimate)",SL.UEM.TOTL.NE.ZS,Antigua and Barbuda,ATG,..,..,..,..
"Unemployment, total (% of total labor force) (national estimate)",SL.UEM.TOTL.NE.ZS,Argentina,ARG,11.461,8.736,6.805,6.139
"Unemployment, total (% of total labor force) (national estimate)",SL.UEM.TOTL.NE.ZS,Armenia,ARM,8.055,8.418,..,..
"Unemployment, total (% of total labor force) (national estimate)",SL.UEM.TOTL.NE.ZS,Aruba,ABW,..,..,..,..
"Unemployment, total (% of total labor force) (national estimate)",SL.UEM.TOTL.NE.ZS,Australia,AUS,6.394,5.023,3.728,3.668
"Unemployment, total (% of total labor force) (national estimate)",SL.UEM.TOTL.NE.ZS,Austria,AUT,5.201,6.459,4.992,5.264
"Unemployment, total (% of total labor force) (national estimate)",SL.UEM.TOTL.NE.ZS,Azerbaijan,AZE,7.24,6.04,5.65,..
"Unemployment, total (% of total labor force) (national estimate)",SL.UEM.TOTL.NE.ZS,"Bahamas, The",BHS,..,..,..,8.643
"Unemployment, total (% of total labor force) (national estimate)",SL.UEM.TOTL.NE.ZS,Bahrain,BHR,..,..,..,..
"Unemployment, total (% of total labor force) (national estimate)",SL.UEM.TOTL.NE.ZS,Bangladesh,BGD,..,..,4.593,..
"Unemployment, total (% of total labor force) (national estimate)",SL.UEM.TOTL.NE.ZS,Barbados,BRB,..,11.015,..,..
"Unemployment, total (% of total labor force) (national estimate)",SL.UEM.TOTL.NE.ZS,Belarus,BLR,4.049,3.9,3.574,3.461
"Unemployment, total (% of total labor force) (national estimate)",SL.UEM.TOTL.NE.ZS,Belgium,BEL,5.545,6.248,5.57,5.528
"Unemployment, total (% of total labor force) (national estimate)",SL.UEM.TOTL.NE.ZS,Belize,BLZ,29.283,..,..,..
"Unemployment, total (% of total labor force) (national estimate)",SL.UEM.TOTL.NE.ZS,Benin,BEN,..,..,1.685,..
"Unemployment, total (% of total labor force) (national estimate)",SL.UEM.TOTL.NE.ZS,Bermuda,BMU,..,..,..,..
"Unemployment, total (% of total labor force) (national estimate)",SL.UEM.TOTL.NE.ZS,Bhutan,BTN,5.03,4.804,5.947,3.126
"Unemployment, total (% of total labor force) (national estimate)",SL.UEM.TOTL.NE.ZS,Bolivia,BOL,7.903,5.089,3.552,3.024
"Unemployment, total (% of total labor force) (national estimate)",SL.UEM.TOTL.NE.ZS,Bosnia and Herzegovina,BIH,15.868,14.897,12.657,10.668
"Unemployment, total (% of total labor force) (national estimate)",SL.UEM.TOTL.NE.ZS,Botswana,BWA,21.017,23.106,23.615,23.381
"Unemployment, total (% of total labor force) (national estimate)",SL.UEM.TOTL.NE.ZS,Brazil,BRA,13.697,13.159,9.231,7.947
"Unemployment, total (% of total labor force) (national estimate)",SL.UEM.TOTL.NE.ZS,British Virgin Islands,VGB,..,..,..,..
"Unemployment, total (% of total labor force) (national estimate)",SL.UEM.TOTL.NE.ZS,Brunei Darussalam,BRN,7.409,4.905,5.191,5.296
"Unemployment, total (% of total labor force) (national estimate)",SL.UEM.TOTL.NE.ZS,Bulgaria,BGR,5.125,5.267,4.268,4.319
"Unemployment, total (% of total labor force) (national estimate)",SL.UEM.TOTL.NE.ZS,Burkina Faso,BFA,..,..,1.927,5.348
"Unemployment, total (% of total labor force) (national estimate)",SL.UEM.TOTL.NE.ZS,Burundi,BDI,1.03,..,..,..
"Unemployment, total (% of total labor force) (national estimate)",SL.UEM.TOTL.NE.ZS,Cabo Verde,CPV,..,..,..,..
"Unemployment, total (% of total labor force) (national estimate)",SL.UEM.TOTL.NE.ZS,Cambodia,KHM,0.172,0.396,..,..
"Unemployment, total (% of total labor force) (national estimate)",SL.UEM.TOTL.NE.ZS,Cameroon,CMR,..,3.275,..,..
"Unemployment, total (% of total labor force) (national estimate)",SL.UEM.TOTL.NE.ZS,Canada,CAN,9.657,7.527,5.28,5.415
"Unemployment, total (% of total labor force) (national estimate)",SL.UEM.TOTL.NE.ZS,Cayman Islands,CYM,..,..,..,..
"Unemployment, total (% of total labor force) (national estimate)",SL.UEM.TOTL.NE.ZS,Central African Republic,CAF,..,..,..,..
"Unemployment, total (% of total labor force) (national estimate)",SL.UEM.TOTL.NE.ZS,Chad,TCD,..,..,..,..
"Unemployment, total (% of total labor force) (national estimate)",SL.UEM.TOTL.NE.ZS,Channel Islands,CHI,..,..,..,..
"Unemployment, total (% of total labor force) (national estimate)",SL.UEM.TOTL.NE.ZS,Chile,CHL,10.934,9.281,8.249,9.013
"Unemployment, total (% of total labor force) (national estimate)",SL.UEM.TOTL.NE.ZS,China,CHN,5.61,5.11,..,..
"Unemployment, total (% of total labor force) (national estimate)",SL.UEM.TOTL.NE.ZS,Colombia,COL,15.983,13.898,10.547,9.603
"Unemployment, total (% of total labor force) (national estimate)",SL.UEM.TOTL.NE.ZS,Comoros,COM,..,4.394,..,..
"Unemployment, total (% of total labor force) (national estimate)",SL.UEM.TOTL.NE.ZS,"Congo, Dem. Rep.",COD,1.466,..,..,..
"Unemployment, total (% of total labor force) (national estimate)",SL.UEM.TOTL.NE.ZS,"Congo, Rep.",COG,..,..,..,..
"Unemployment, total (% of total labor force) (national estimate)",SL.UEM.TOTL.NE.ZS,Costa Rica,CRI,16.432,15.139,11.325,8.325
"Unemployment, total (% of total labor force) (national estimate)",SL.UEM.TOTL.NE.ZS,Cote d'Ivoire,CIV,..,..,2.31,..
"Unemployment, total (% of total labor force) (national estimate)",SL.UEM.TOTL.NE.ZS,Croatia,HRV,7.507,7.608,6.96,6.086
"Unemployment, total (% of total labor force) (national estimate)",SL.UEM.TOTL.NE.ZS,Cuba,CUB,..,..,..,..
"Unemployment, total (% of total labor force) (national estimate)",SL.UEM.TOTL.NE.ZS,Curacao,CUW,19.07,..,..,..
"Unemployment, total (% of total labor force) (national estimate)",SL.UEM.TOTL.NE.ZS,Cyprus,CYP,7.755,7.513,6.807,5.835
"Unemployment, total (% of total labor force) (national estimate)",SL.UEM.TOTL.NE.ZS,Czechia,CZE,2.551,2.803,2.224,2.58
"Unemployment, total (% of total labor force) (national estimate)",SL.UEM.TOTL.NE.ZS,Denmark,DNK,5.637,5.043,4.434,5.094
"Unemployment, total (% of total labor force) (national estimate)",SL.UEM.TOTL.NE.ZS,Djibouti,DJI,..,..,..,..
"Unemployment, total (% of total labor force) (national estimate)",SL.UEM.TOTL.NE.ZS,Dominica,DMA,..,..,..,..
"Unemployment, total (% of total labor force) (national estimate)",SL.UEM.TOTL.NE.ZS,Dominican Republic,DOM,6.126,7.702,5.504,5.555
"Unemployment, total (% of total labor force) (national estimate)",SL.UEM.TOTL.NE.ZS,Ecuador,ECU,6.116,4.504,3.713,3.51
"Unemployment, total (% of total labor force) (national estimate)",SL.UEM.TOTL.NE.ZS,"Egypt, Arab Rep.",EGY,7.974,7.441,7.344,6.753
"Unemployment, total (% of total labor force) (national estimate)",SL.UEM.TOTL.NE.ZS,El Salvador,SLV,5.008,4.327,2.999,2.992
"Unemployment, total (% of total labor force) (national estimate)",SL.UEM.TOTL.NE.ZS,Equatorial Guinea,GNQ,..,..,..,..
"Unemployment, total (% of total labor force) (national estimate)",SL.UEM.TOTL.NE.ZS,Eritrea,ERI,..,..,..,..
"Unemployment, total (% of total labor force) (national estimate)",SL.UEM.TOTL.NE.ZS,Estonia,EST,6.956,6.178,5.571,6.378
"Unemployment, total (% of total labor force) (national estimate)",SL.UEM.TOTL.NE.ZS,Ethiopia,ETH,..,3.935,..,..
"Unemployment, total (% of total labor force) (national estimate)",SL.UEM.TOTL.NE.ZS,Faroe Islands,FRO,..,..,..,..
"Unemployment, total (% of total labor force) (national estimate)",SL.UEM.TOTL.NE.ZS,Fiji,FJI,..,..,..,..
"Unemployment, total (% of total labor force) (national estimate)",SL.UEM.TOTL.NE.ZS,Finland,FIN,7.759,7.617,6.719,7.151
"Unemployment, total (% of total labor force) (national estimate)",SL.UEM.TOTL.NE.ZS,France,FRA,8.01,7.871,7.303,7.335
"Unemployment, total (% of total labor force) (national estimate)",SL.UEM.TOTL.NE.ZS,French Polynesia,PYF,..,..,..,..
"Unemployment, total (% of total labor force) (national estimate)",SL.UEM.TOTL.NE.ZS,Gabon,GAB,..,..,..,..
"Unemployment, total (% of total labor force) (national estimate)",SL.UEM.TOTL.NE.ZS,"Gambia, The",GMB,..,..,..,6.479
"Unemployment, total (% of total labor force) (national estimate)",SL.UEM.TOTL.NE.ZS,Georgia,GEO,11.734,..,..,..
"Unemployment, total (% of total labor force) (national estimate)",SL.UEM.TOTL.NE.ZS,Germany,DEU,3.881,3.594,3.12,3.068
"Unemployment, total (% of total labor force) (national estimate)",SL.UEM.TOTL.NE.ZS,Ghana,GHA,..,3.195,2.87,..
"Unemployment, total (% of total labor force) (national estimate)",SL.UEM.TOTL.NE.ZS,Gibraltar,GIB,..,..,..,..
"Unemployment, total (% of total labor force) (national estimate)",SL.UEM.TOTL.NE.ZS,Greece,GRC,15.899,14.657,12.426,11.023
"Unemployment, total (% of total labor force) (national estimate)",SL.UEM.TOTL.NE.ZS,Greenland,GRL,..,..,..,..
"Unemployment, total (% of total labor force) (national estimate)",SL.UEM.TOTL.NE.ZS,Grenada,GRD,12.974,13.035,..,6.34
"Unemployment, total (% of total labor force) (national estimate)",SL.UEM.TOTL.NE.ZS,Guam,GUM,..,..,..,..
"Unemployment, total (% of total labor force) (national estimate)",SL.UEM.TOTL.NE.ZS,Guatemala,GTM,..,2.174,3.051,2.344
"Unemployment, total (% of total labor force) (national estimate)",SL.UEM.TOTL.NE.ZS,Guinea,GIN,..,..,..,..
"Unemployment, total (% of total labor force) (national estimate)",SL.UEM.TOTL.NE.ZS,Guinea-Bissau,GNB,..,..,2.666,..
"Unemployment, total (% of total labor force) (national estimate)",SL.UEM.TOTL.NE.ZS,Guyana,GUY,..,..,..,..
"Unemployment, total (% of total labor force) (national estimate)",SL.UEM.TOTL.NE.ZS,Haiti,HTI,..,..,..,..
"Unemployment, total (% of total labor force) (national estimate)",SL.UEM.TOTL.NE.ZS,Honduras,HND,10.983,8.506,8.774,6.071
"Unemployment, total (% of total labor force) (national estimate)",SL.UEM.TOTL.NE.ZS,"Hong Kong SAR, China",HKG,5.808,5.174,4.318,2.949
"Unemployment, total (% of total labor force) (national estimate)",SL.UEM.TOTL.NE.ZS,Hungary,HUN,4.25,4.045,3.609,4.107
"Unemployment, total (% of total labor force) (national estimate)",SL.UEM.TOTL.NE.ZS,Iceland,ISL,5.478,6.029,3.789,3.518
"Unemployment, total (% of total labor force) (national estimate)",SL.UEM.TOTL.NE.ZS,India,IND,7.859,6.38,4.822,4.172
"Unemployment, total (% of total labor force) (national estimate)",SL.UEM.TOTL.NE.ZS,Indonesia,IDN,4.255,3.827,3.462,3.308
"Unemployment, total (% of total labor force) (national estimate)",SL.UEM.TOTL.NE.ZS,"Iran, Islamic Rep.",IRN,9.687,9.282,9.085,..
"Unemployment, total (% of total labor force) (national estimate)",SL.UEM.TOTL.NE.ZS,Iraq,IRQ,..,16.173,..,..
"Unemployment, total (% of total labor force) (national estimate)",SL.UEM.TOTL.NE.ZS,Ireland,IRL,5.623,6.364,4.501,4.288
"Unemployment, total (% of total labor force) (national estimate)",SL.UEM.TOTL.NE.ZS,Isle of Man,IMN,..,..,..,..
"Unemployment, total (% of total labor force) (national estimate)",SL.UEM.TOTL.NE.ZS,Israel,ISR,4.169,4.812,3.695,3.371
"Unemployment, total (% of total labor force) (national estimate)",SL.UEM.TOTL.NE.ZS,Italy,ITA,9.164,9.497,8.069,7.627
"Unemployment, total (% of total labor force) (national estimate)",SL.UEM.TOTL.NE.ZS,Jamaica,JAM,6.501,5.188,4.083,3.022
"Unemployment, total (% of total labor force) (national estimate)",SL.UEM.TOTL.NE.ZS,Japan,JPN,2.809,2.809,2.615,2.6
"Unemployment, total (% of total labor force) (national estimate)",SL.UEM.TOTL.NE.ZS,Jordan,JOR,19.213,19.837,18.2,16.622
"Unemployment, total (% of total labor force) (national estimate)",SL.UEM.TOTL.NE.ZS,Kazakhstan,KAZ,4.89,..,4.86,..
"Unemployment, total (% of total labor force) (national estimate)",SL.UEM.TOTL.NE.ZS,Kenya,KEN,..,5.693,..,..
"Unemployment, total (% of total labor force) (national estimate)",SL.UEM.TOTL.NE.ZS,Kiribati,KIR,10.971,..,..,..
"Unemployment, total (% of total labor force) (national estimate)",SL.UEM.TOTL.NE.ZS,"Korea, Dem. People's Rep.",PRK,..,..,..,..
"Unemployment, total (% of total labor force) (national estimate)",SL.UEM.TOTL.NE.ZS,"Korea, Rep.",KOR,3.931,3.639,2.857,2.675
"Unemployment, total (% of total labor force) (national estimate)",SL.UEM.TOTL.NE.ZS,Kosovo,XKX,25.459,20.392,12.093,..
"Unemployment, total (% of total labor force) (national estimate)",SL.UEM.TOTL.NE.ZS,Kuwait,KWT,..,..,..,..
"Unemployment, total (% of total labor force) (national estimate)",SL.UEM.TOTL.NE.ZS,Kyrgyz Republic,KGZ,5.945,5.149,4.767,..
"Unemployment, total (% of total labor force) (national estimate)",SL.UEM.TOTL.NE.ZS,Lao PDR,LAO,..,..,1.209,..
"Unemployment, total (% of total labor force) (national estimate)",SL.UEM.TOTL.NE.ZS,Latvia,LVA,8.098,7.513,6.815,6.465
"Unemployment, total (% of total labor force) (national estimate)",SL.UEM.TOTL.NE.ZS,Lebanon,LBN,..,..,..,..
"Unemployment, total (% of total labor force) (national estimate)",SL.UEM.TOTL.NE.ZS,Lesotho,LSO,..,..,..,..
"Unemployment, total (% of total labor force) (national estimate)",SL.UEM.TOTL.NE.ZS,Liberia,LBR,..,..,..,..
"Unemployment, total (% of total labor force) (national estimate)",SL.UEM.TOTL.NE.ZS,Libya,LBY,..,..,..,..
"Unemployment, total (% of total labor force) (national estimate)",SL.UEM.TOTL.NE.ZS,Liechtenstein,LIE,..,..,..,..
"Unemployment, total (% of total labor force) (national estimate)",SL.UEM.TOTL.NE.ZS,Lithuania,LTU,8.487,7.112,5.956,6.841
"Unemployment, total (% of total labor force) (national estimate)",SL.UEM.TOTL.NE.ZS,Luxembourg,LUX,6.766,5.571,4.588,5.184
"Unemployment, total (% of total labor force) (national estimate)",SL.UEM.TOTL.NE.ZS,"Macao SAR, China",MAC,2.542,..,..,..
"Unemployment, total (% of total labor force) (national estimate)",SL.UEM.TOTL.NE.ZS,North Macedonia,MKD,16.575,15.801,14.477,13.174
"Unemployment, total (% of total labor force) (national estimate)",SL.UEM.TOTL.NE.ZS,Madagascar,MDG,..,..,3.186,..
"Unemployment, total (% of total labor force) (national estimate)",SL.UEM.TOTL.NE.ZS,Malawi,MWI,0.907,..,..,..
"Unemployment, total (% of total labor force) (national estimate)",SL.UEM.TOTL.NE.ZS,Malaysia,MYS,4.54,4.64,3.93,..
"Unemployment, total (% of total labor force) (national estimate)",SL.UEM.TOTL.NE.ZS,Maldives,MDV,..,..,..,..
"Unemployment, total (% of total labor force) (national estimate)",SL.UEM.TOTL.NE.ZS,Mali,MLI,3.528,..,2.387,..
"Unemployment, total (% of total labor force) (national estimate)",SL.UEM.TOTL.NE.ZS,Malta,MLT,4.357,3.403,2.929,3.11
"Unemployment, total (% of total labor force) (national estimate)",SL.UEM.TOTL.NE.ZS,Marshall Islands,MHL,..,9.823,..,..
"Unemployment, total (% of total labor force) (national estimate)",SL.UEM.TOTL.NE.ZS,Mauritania,MRT,..,..,..,..
"Unemployment, total (% of total labor force) (national estimate)",SL.UEM.TOTL.NE.ZS,Mauritius,MUS,8.627,7.719,6.322,5.571
"Unemployment, total (% of total labor force) (national estimate)",SL.UEM.TOTL.NE.ZS,Mexico,MEX,4.441,4.019,3.256,2.765
"Unemployment, total (% of total labor force) (national estimate)",SL.UEM.TOTL.NE.ZS,"Micronesia, Fed. Sts.",FSM,..,..,..,..
"Unemployment, total (% of total labor force) (national estimate)",SL.UEM.TOTL.NE.ZS,Moldova,MDA,1.206,0.794,0.909,1.57
"Unemployment, total (% of total labor force) (national estimate)",SL.UEM.TOTL.NE.ZS,Monaco,MCO,..,..,..,..
"Unemployment, total (% of total labor force) (national estimate)",SL.UEM.TOTL.NE.ZS,Mongolia,MNG,6.413,7.871,5.954,5.178
"Unemployment, total (% of total labor force) (national estimate)",SL.UEM.TOTL.NE.ZS,Montenegro,MNE,17.878,16.543,14.852,..
"Unemployment, total (% of total labor force) (national estimate)",SL.UEM.TOTL.NE.ZS,Morocco,MAR,..,12.28,11.79,..
"Unemployment, total (% of total labor force) (national estimate)",SL.UEM.TOTL.NE.ZS,Mozambique,MOZ,..,..,6.789,..
"Unemployment, total (% of total labor force) (national estimate)",SL.UEM.TOTL.NE.ZS,Myanmar,MMR,1.476,..,..,..
"Unemployment, total (% of total labor force) (national estimate)",SL.UEM.TOTL.NE.ZS,Namibia,NAM,..,..,..,..
"Unemployment, total (% of total labor force) (national estimate)",SL.UEM.TOTL.NE.ZS,Nauru,NRU,..,5.056,..,..
"Unemployment, total (% of total labor force) (national estimate)",SL.UEM.TOTL.NE.ZS,Nepal,NPL,..,..,..,..
"Unemployment, total (% of total labor force) (national estimate)",SL.UEM.TOTL.NE.ZS,Netherlands,NLD,3.82,4.209,3.526,3.537
"Unemployment, total (% of total labor force) (national estimate)",SL.UEM.TOTL.NE.ZS,New Caledonia,NCL,13.558,..,10.71,..
"Unemployment, total (% of total labor force) (national estimate)",SL.UEM.TOTL.NE.ZS,New Zealand,NZL,4.595,3.776,3.297,3.731
"Unemployment, total (% of total labor force) (national estimate)",SL.UEM.TOTL.NE.ZS,Nicaragua,NIC,..,..,..,..
"Unemployment, total (% of total labor force) (national estimate)",SL.UEM.TOTL.NE.ZS,Niger,NER,..,..,0.403,..
"Unemployment, total (% of total labor force) (national estimate)",SL.UEM.TOTL.NE.ZS,Nigeria,NGA,..,..,3.827,3.074
"Unemployment, total (% of total labor force) (national estimate)",SL.UEM.TOTL.NE.ZS,Northern Mariana Islands,MNP,..,..,..,..
"Unemployment, total (% of total labor force) (national estimate)",SL.UEM.TOTL.NE.ZS,Norway,NOR,4.424,4.359,3.231,3.573
"Unemployment, total (% of total labor force) (national estimate)",SL.UEM.TOTL.NE.ZS,Oman,OMN,2.94,1.9,3.3,..
"Unemployment, total (% of total labor force) (national estimate)",SL.UEM.TOTL.NE.ZS,Pakistan,PAK,..,6.338,..,..
"Unemployment, total (% of total labor force) (national estimate)",SL.UEM.TOTL.NE.ZS,Palau,PLW,0.765,..,..,..
"Unemployment, total (% of total labor force) (national estimate)",SL.UEM.TOTL.NE.ZS,Panama,PAN,18.548,10.293,8.281,6.678
"Unemployment, total (% of total labor force) (national estimate)",SL.UEM.TOTL.NE.ZS,Papua New Guinea,PNG,..,..,2.689,..
"Unemployment, total (% of total labor force) (national estimate)",SL.UEM.TOTL.NE.ZS,Paraguay,PRY,7.548,7.311,6.755,5.794
"Unemployment, total (% of total labor force) (national estimate)",SL.UEM.TOTL.NE.ZS,Peru,PER,7.179,5.097,4.291,4.899
"Unemployment, total (% of total labor force) (national estimate)",SL.UEM.TOTL.NE.ZS,Philippines,PHL,2.522,3.398,2.598,..
"Unemployment, total (% of total labor force) (national estimate)",SL.UEM.TOTL.NE.ZS,Poland,POL,3.155,3.268,2.811,2.743
"Unemployment, total (% of total labor force) (national estimate)",SL.UEM.TOTL.NE.ZS,Portugal,PRT,6.801,6.577,6.011,6.509
"Unemployment, total (% of total labor force) (national estimate)",SL.UEM.TOTL.NE.ZS,Puerto Rico,PRI,..,7.9,6,..
"Unemployment, total (% of total labor force) (national estimate)",SL.UEM.TOTL.NE.ZS,Qatar,QAT,0.14,0.14,0.13,..
"Unemployment, total (% of total labor force) (national estimate)",SL.UEM.TOTL.NE.ZS,Romania,ROU,5.035,5.59,5.614,5.592
"Unemployment, total (% of total labor force) (national estimate)",SL.UEM.TOTL.NE.ZS,Russian Federation,RUS,5.62,4.749,3.867,3.076
"Unemployment, total (% of total labor force) (national estimate)",SL.UEM.TOTL.NE.ZS,Rwanda,RWA,11.829,15.775,15.084,12.352
"Unemployment, total (% of total labor force) (national estimate)",SL.UEM.TOTL.NE.ZS,Samoa,WSM,..,..,5.048,..
"Unemployment, total (% of total labor force) (national estimate)",SL.UEM.TOTL.NE.ZS,San Marino,SMR,7.23,6.34,4.91,..
"Unemployment, total (% of total labor force) (national estimate)",SL.UEM.TOTL.NE.ZS,Sao Tome and Principe,STP,..,..,..,..
"Unemployment, total (% of total labor force) (national estimate)",SL.UEM.TOTL.NE.ZS,Saudi Arabia,SAU,7.66,6.621,5.589,4.008
"Unemployment, total (% of total labor force) (national estimate)",SL.UEM.TOTL.NE.ZS,Senegal,SEN,..,..,2.837,..
"Unemployment, total (% of total labor force) (national estimate)",SL.UEM.TOTL.NE.ZS,Serbia,SRB,9.011,9.843,8.439,8.268
"Unemployment, total (% of total labor force) (national estimate)",SL.UEM.TOTL.NE.ZS,Seychelles,SYC,4.311,..,..,2.934
"Unemployment, total (% of total labor force) (national estimate)",SL.UEM.TOTL.NE.ZS,Sierra Leone,SLE,..,..,..,..
"Unemployment, total (% of total labor force) (national estimate)",SL.UEM.TOTL.NE.ZS,Singapore,SGP,4.1,4.64,3.591,3.444
"Unemployment, total (% of total labor force) (national estimate)",SL.UEM.TOTL.NE.ZS,Sint Maarten (Dutch part),SXM,..,..,..,..
"Unemployment, total (% of total labor force) (national estimate)",SL.UEM.TOTL.NE.ZS,Slovak Republic,SVK,6.719,6.894,6.143,5.843
"Unemployment, total (% of total labor force) (national estimate)",SL.UEM.TOTL.NE.ZS,Slovenia,SVN,4.971,4.744,4.011,3.652
"Unemployment, total (% of total labor force) (national estimate)",SL.UEM.TOTL.NE.ZS,Solomon Islands,SLB,..,..,..,..
"Unemployment, total (% of total labor force) (national estimate)",SL.UEM.TOTL.NE.ZS,Somalia,SOM,..,..,..,..
"Unemployment, total (% of total labor force) (national estimate)",SL.UEM.TOTL.NE.ZS,South Africa,ZAF,29.217,34.007,33.268,32.098
"Unemployment, total (% of total labor force) (national estimate)",SL.UEM.TOTL.NE.ZS,South Sudan,SSD,..,..,..,..
"Unemployment, total (% of total labor force) (national estimate)",SL.UEM.TOTL.NE.ZS,Spain,ESP,15.532,14.781,12.917,12.179
"Unemployment, total (% of total labor force) (national estimate)",SL.UEM.TOTL.NE.ZS,Sri Lanka,LKA,5.365,4.981,4.528,..
"Unemployment, total (% of total labor force) (national estimate)",SL.UEM.TOTL.NE.ZS,St. Kitts and Nevis,KNA,..,..,..,..
"Unemployment, total (% of total labor force) (national estimate)",SL.UEM.TOTL.NE.ZS,St. Lucia,LCA,25.225,20.514,15.934,12.094
"Unemployment, total (% of total labor force) (national estimate)",SL.UEM.TOTL.NE.ZS,St. Martin (French part),MAF,..,..,..,..
"Unemployment, total (% of total labor force) (national estimate)",SL.UEM.TOTL.NE.ZS,St. Vincent and the Grenadines,VCT,..,..,..,..
"Unemployment, total (% of total labor force) (national estimate)",SL.UEM.TOTL.NE.ZS,Sudan,SDN,..,..,7.53,..
"Unemployment, total (% of total labor force) (national estimate)",SL.UEM.TOTL.NE.ZS,Suriname,SUR,..,..,..,..
"Unemployment, total (% of total labor force) (national estimate)",SL.UEM.TOTL.NE.ZS,Eswatini,SWZ,..,34.153,..,..
"Unemployment, total (% of total labor force) (national estimate)",SL.UEM.TOTL.NE.ZS,Sweden,SWE,8.291,8.722,7.392,7.611
"Unemployment, total (% of total labor force) (national estimate)",SL.UEM.TOTL.NE.ZS,Switzerland,CHE,4.817,5.013,4.122,4.043
"Unemployment, total (% of total labor force) (national estimate)",SL.UEM.TOTL.NE.ZS,Syrian Arab Republic,SYR,..,..,..,..
"Unemployment, total (% of total labor force) (national estimate)",SL.UEM.TOTL.NE.ZS,Tajikistan,TJK,..,..,..,..
"Unemployment, total (% of total labor force) (national estimate)",SL.UEM.TOTL.NE.ZS,Tanzania,TZA,2.781,..,..,..
"Unemployment, total (% of total labor force) (national estimate)",SL.UEM.TOTL.NE.ZS,Thailand,THA,1.099,1.215,0.94,0.733
"Unemployment, total (% of total labor force) (national estimate)",SL.UEM.TOTL.NE.ZS,Timor-Leste,TLS,..,2.344,1.537,..
"Unemployment, total (% of total labor force) (national estimate)",SL.UEM.TOTL.NE.ZS,Togo,TGO,..,..,1.965,..
"Unemployment, total (% of total labor force) (national estimate)",SL.UEM.TOTL.NE.ZS,Tonga,TON,..,2.111,..,..
"Unemployment, total (% of total labor force) (national estimate)",SL.UEM.TOTL.NE.ZS,Trinidad and Tobago,TTO,4.206,4.446,4.383,3.362
"Unemployment, total (% of total labor force) (national estimate)",SL.UEM.TOTL.NE.ZS,Tunisia,TUN,..,..,15.301,15.106
"Unemployment, total (% of total labor force) (national estimate)",SL.UEM.TOTL.NE.ZS,Turkiye,TUR,13.148,11.969,10.465,9.388
"Unemployment, total (% of total labor force) (national estimate)",SL.UEM.TOTL.NE.ZS,Turkmenistan,TKM,..,..,..,..
"Unemployment, total (% of total labor force) (national estimate)",SL.UEM.TOTL.NE.ZS,Turks and Caicos Islands,TCA,..,..,..,..
"Unemployment, total (% of total labor force) (national estimate)",SL.UEM.TOTL.NE.ZS,Tuvalu,TUV,..,..,7.318,..
"Unemployment, total (% of total labor force) (national estimate)",SL.UEM.TOTL.NE.ZS,Uganda,UGA,..,3.422,..,..
"Unemployment, total (% of total labor force) (national estimate)",SL.UEM.TOTL.NE.ZS,Ukraine,UKR,9.475,9.834,..,..
"Unemployment, total (% of total labor force) (national estimate)",SL.UEM.TOTL.NE.ZS,United Arab Emirates,ARE,4.294,3.105,2.873,2.151
"Unemployment, total (% of total labor force) (national estimate)",SL.UEM.TOTL.NE.ZS,United Kingdom,GBR,4.518,4.865,3.768,4.025
"Unemployment, total (% of total labor force) (national estimate)",SL.UEM.TOTL.NE.ZS,United States,USA,8.055,5.349,3.65,3.638
"Unemployment, total (% of total labor force) (national estimate)",SL.UEM.TOTL.NE.ZS,Uruguay,URY,10.413,9.328,7.877,8.355
"Unemployment, total (% of total labor force) (national estimate)",SL.UEM.TOTL.NE.ZS,Uzbekistan,UZB,5.293,..,..,..
"Unemployment, total (% of total labor force) (national estimate)",SL.UEM.TOTL.NE.ZS,Vanuatu,VUT,4.046,..,..,..
"Unemployment, total (% of total labor force) (national estimate)",SL.UEM.TOTL.NE.ZS,"Venezuela, RB",VEN,7.53,..,..,..
"Unemployment, total (% of total labor force) (national estimate)",SL.UEM.TOTL.NE.ZS,Viet Nam,VNM,2.103,2.385,1.523,1.645
"Unemployment, total (% of total labor force) (national estimate)",SL.UEM.TOTL.NE.ZS,Virgin Islands (U.S.),VIR,..,..,..,..
"Unemployment, total (% of total labor force) (national estimate)",SL.UEM.TOTL.NE.ZS,West Bank and Gaza,PSE,25.895,26.39,24.42,..
"Unemployment, total (% of total labor force) (national estimate)",SL.UEM.TOTL.NE.ZS,"Yemen, Rep.",YEM,..,..,..,..
"Unemployment, total (% of total labor force) (national estimate)",SL.UEM.TOTL.NE.ZS,Zambia,ZMB,6.032,5.197,5.993,5.861
"Unemployment, total (% of total labor force) (national estimate)",SL.UEM.TOTL.NE.ZS,Zimbabwe,ZWE,..,9.54,10.087,9.348
,,,,,,,
,,,,,,,
,,,,,,,
Data from database: World Development Indicators,,,,,,,
Last Updated: 04/15/2025,,,,,,,
